AssemblyCenter,Date,Component,Type,subtype,Qty,Vendor
Mawai,2015-11-04,LoadWire,M,1,1,
Mawai,2015-11-04,SolarPanel,M,1,1,
Mawai,2015-11-08,GooseNeck,M,1,4,
Mawai,2015-11-08,LEDFace,M,1,13,
Mawai,2015-11-08,LEDReflector,M,1,13,
Mawai,2015-11-08,LEDStrip,M,1,7,
Mawai,2015-11-08,LEDTop,M,1,13,
Mawai,2015-11-08,LoadWire,M,1,17,
Mawai,2015-11-08,PushButton,M,1,4,
Mawai,2015-12-05,Battery,M,1,7,
Mawai,2015-12-05,GooseNeck,M,1,3,
Mawai,2015-12-05,LEDFace,M,1,9,
Mawai,2015-12-05,LEDReflector,M,1,9,
Mawai,2015-12-05,LEDTop,M,1,9,
Mawai,2015-12-05,LoadWire,M,1,24,
Mawai,2015-12-05,PCB,M,1,6,
Mawai,2015-12-05,PushButton,M,1,11,
Mawai,2015-12-05,SolarPanel,M,1,4,
Mawai,2015-12-05,SolarPanel,P,1,12,
Mawai,2015-12-31,BaseBottom,M,1,4,
Mawai,2015-12-31,BaseTop,M,1,4,
Mawai,2015-12-31,Battery,M,1,4,
Mawai,2015-12-31,Battery,P,1,1,
Mawai,2015-12-31,GooseNeck,M,1,5,
Mawai,2015-12-31,LEDFace,M,1,7,
Mawai,2015-12-31,LEDReflector,M,1,7,
Mawai,2015-12-31,LEDTop,M,1,7,
Mawai,2015-12-31,LoadWire,M,1,3,
Mawai,2015-12-31,PCB,M,1,7,
Mawai,2015-12-31,PushButton,M,1,9,
Mawai,2015-12-31,SolarPanel,M,1,6,
Mawai,2016-01-04,LEDStrip,T,1,2,
Mawai,2016-01-04,SolarPanel,T,1,5,
Mohgaon,2015-11-09,BaseTop,P,1,1,
Mohgaon,2015-11-09,Battery,P,1,256,
Mohgaon,2015-11-09,Battery,T,1,60,
Mohgaon,2015-11-09,GooseNeck,M,1,1,
Mohgaon,2015-11-09,LEDFace,M,1,48,
Mohgaon,2015-11-09,LEDFace,P,1,6,
Mohgaon,2015-11-09,LEDReflector,M,1,48,
Mohgaon,2015-11-09,LEDReflector,P,1,3,
Mohgaon,2015-11-09,LEDStrip,M,1,2,
Mohgaon,2015-11-09,LEDTop,M,1,48,
Mohgaon,2015-11-09,LEDTop,P,1,2,
Mohgaon,2015-11-09,LoadWire,M,1,6,
Mohgaon,2015-11-09,LoadWire,P,1,5,
Mohgaon,2015-11-09,PCB,T,1,52,
Mohgaon,2015-11-09,SolarPanel,M,1,1,
Mohgaon,2015-11-09,SolarPanel,P,1,29,
Mohgaon,2015-11-09,SolarPanel,T,1,32,
Mohgaon,2015-11-15,BaseTop,P,1,7,
Mohgaon,2015-11-15,Battery,M,1,6,
Mohgaon,2015-11-15,Battery,P,1,41,
Mohgaon,2015-11-15,Battery,T,1,9,
Mohgaon,2015-11-15,GooseNeck,P,1,1,
Mohgaon,2015-11-15,LEDFace,P,1,1,
Mohgaon,2015-11-15,LEDReflector,P,1,1,
Mohgaon,2015-11-15,LoadWire,P,1,5,
Mohgaon,2015-11-15,PackageBox,M,1,305,
Mohgaon,2015-11-15,PackageBox,P,1,3,
Mohgaon,2015-11-15,PCB,M,1,23,
Mohgaon,2015-11-15,SolarPanel,P,1,49,
Mohgaon,2015-11-15,SolarPanel,T,1,46,
Mohgaon,2015-12-08,BaseBottom,P,1,4,
Mohgaon,2015-12-08,BaseTop,P,1,4,
Mohgaon,2015-12-08,Battery,M,1,3,
Mohgaon,2015-12-08,GooseNeck,M,1,3,
Mohgaon,2015-12-08,LEDFace,P,1,9,
Mohgaon,2015-12-08,LEDReflector,P,1,3,
Mohgaon,2015-12-08,LEDStrip,M,1,24,
Mohgaon,2015-12-08,LEDTop,P,1,4,
Mohgaon,2015-12-08,LoadWire,M,1,11,
Mohgaon,2015-12-08,PackageBox,M,1,7,
Mohgaon,2015-12-08,PCB,M,1,13,
Mohgaon,2015-12-08,PushButton,M,1,5,
Mohgaon,2015-12-08,SolarPanel,P,1,2,
Mohgaon,2015-12-14,Battery,T,1,1,
Mohgaon,2015-12-14,PCB,T,1,2,
Mohgaon,2015-12-14,SolarPanel,T,1,3,
Mohgaon,2015-12-16,Battery,T,1,7,
Mohgaon,2015-12-16,PCB,T,1,3,
Mohgaon,2015-12-17,PCB,T,1,1,
Mohgaon,2015-12-17,SolarPanel,T,1,3,
Mohgaon,2015-12-18,Battery,T,1,3,
Mohgaon,2015-12-18,PCB,T,1,4,
Mohgaon,2015-12-18,SolarPanel,T,1,2,
Mohgaon,2015-12-19,LEDStrip,T,1,1,
Mohgaon,2015-12-19,PCB,T,1,4,
Mohgaon,2015-12-19,SolarPanel,T,1,1,
Mohgaon,2015-12-28,Battery,M,1,3,
Mohgaon,2015-12-28,GooseNeck,M,1,2,
Mohgaon,2015-12-28,GooseNeck,P,1,2,
Mohgaon,2015-12-28,LEDFace,M,1,5,
Mohgaon,2015-12-28,LEDReflector,M,1,5,
Mohgaon,2015-12-28,LEDTop,M,1,5,
Mohgaon,2015-12-28,LoadWire,M,1,17,
Mohgaon,2015-12-28,LoadWire,P,1,1,
Mohgaon,2015-12-28,PCB,M,1,2,
Mohgaon,2015-12-28,PushButton,M,1,3,
Mohgaon,2015-12-28,SolarPanel,M,1,1,
Mohgaon,2015-12-28,SolarPanel,P,1,19,
Mohgaon,2015-12-30,SolarPanel,T,1,2,
Mohgaon,2015-12-31,Battery,T,1,1,
Mohgaon,2015-12-31,PCB,T,1,10,
Mohgaon,2016-01-01,PCB,T,1,3,
Mohgaon,2016-01-01,SolarPanel,T,1,2,
Mohgaon,2016-01-02,Battery,T,1,1,
Mohgaon,2016-01-02,PCB,T,1,7,
Mohgaon,2016-01-02,SolarPanel,T,1,7,
Mohgaon,2016-01-04,Battery,T,1,2,
Mohgaon,2016-01-04,PCB,T,1,2,
Mohgaon,2016-01-04,SolarPanel,T,1,2,
Mohgaon,2016-01-05,PCB,T,1,1,
Narayanganj,2015-12-15,BaseBottom,P,1,1,
Narayanganj,2015-12-15,BaseTop,P,1,1,
Narayanganj,2015-12-15,Battery,M,1,1,
Narayanganj,2015-12-15,Battery,P,1,1,
Narayanganj,2015-12-15,Battery,T,1,8,
Narayanganj,2015-12-15,GooseNeck,P,1,1,
Narayanganj,2015-12-15,IdeaStickers,M,1,2,
Narayanganj,2015-12-15,LEDFace,M,1,1,
Narayanganj,2015-12-15,LEDFace,P,1,3,
Narayanganj,2015-12-15,LEDReflector,M,1,1,
Narayanganj,2015-12-15,LEDStrip,M,1,19,
Narayanganj,2015-12-15,LEDStrip,T,1,5,
Narayanganj,2015-12-15,LEDTop,M,1,1,
Narayanganj,2015-12-15,LEDTop,P,1,1,
Narayanganj,2015-12-15,LoadWire,M,1,5,
Narayanganj,2015-12-15,LoadWire,P,1,6,
Narayanganj,2015-12-15,PackageBox,M,1,1,
Narayanganj,2015-12-15,PackageBox,P,1,6,
Narayanganj,2015-12-15,PCB,M,1,3,
Narayanganj,2015-12-15,SolarPanel,M,1,2,
Narayanganj,2015-12-15,SolarPanel,P,1,102,
Narayanganj,2015-12-15,SolarPanel,T,1,1,
Narayanganj,2016-01-10,BaseBottom,M,1,17,G1
Narayanganj,2016-01-10,BaseTop,M,1,17,G1
Narayanganj,2016-01-10,Battery,P,1,5,
Narayanganj,2016-01-10,Battery,T,1,5,
Narayanganj,2016-01-10,Battery,M,1,24,G1
Narayanganj,2016-01-10,GooseNeck,P,1,1,
Narayanganj,2016-01-10,GooseNeck,M,1,12,G1
Narayanganj,2016-01-10,IdeaStickers,M,1,5,G1
Narayanganj,2016-01-10,LEDFace,P,1,1,
Narayanganj,2016-01-10,LEDFace,M,1,16,G1
Narayanganj,2016-01-10,LEDReflector,P,1,1,
Narayanganj,2016-01-10,LEDReflector,M,1,16,G1
Narayanganj,2016-01-10,LEDStrip,T,1,1,
Narayanganj,2016-01-10,LEDStrip,M,1,25,G1
Narayanganj,2016-01-10,LEDTop,M,1,16,G1
Narayanganj,2016-01-10,LoadWire,P,1,2,
Narayanganj,2016-01-10,LoadWire,M,1,20,G1
Narayanganj,2016-01-10,PackageBox,P,1,4,
Narayanganj,2016-01-10,PCB,T,1,10,
Narayanganj,2016-01-10,PCB,M,1,18,G1
Narayanganj,2016-01-10,PushButton,M,1,10,G1
Narayanganj,2016-01-10,Screws,M,1,160,G1
Narayanganj,2016-01-10,SolarPanel,P,1,43,
Narayanganj,2016-01-10,SolarPanel,T,1,2,
Narayanganj,2016-01-10,SolarPanel,M,1,43,G1
Multai,2015-12-03,LEDFace,P,1,1,
Multai,2015-12-04,BaseBottom,P,1,1,
Multai,2015-12-04,LEDFace,P,1,3,
Multai,2015-12-04,PCB,P,1,2,
Multai,2015-12-04,PCB,T,2,5,
Multai,2015-12-07,SolarPanel,P,1,5,
Multai,2015-12-08,LEDFace,P,1,10,
Multai,2015-12-08,PCB,T,1,3,
Multai,2015-12-08,PCB,T,2,6,
Multai,2015-12-16,LEDFace,P,1,12,
Multai,2015-12-16,PackageBox,P,1,1,
Multai,2015-12-16,PCB,T,1,4,
Multai,2015-12-16,PCB,T,2,4,
Multai,2015-12-16,SolarPanel,T,1,2,
Multai,2015-12-17,LEDFace,P,1,13,
Multai,2015-12-17,PCB,T,1,1,
Multai,2015-12-17,PCB,T,2,4,
Multai,2015-12-17,SolarPanel,T,1,3,
Multai,2015-12-18,LEDFace,P,1,7,
Multai,2015-12-18,PCB,T,1,2,
Multai,2015-12-18,PCB,T,2,3,
Multai,2015-12-18,SolarPanel,T,1,1,
Multai,2015-12-19,Battery,T,1,5,
Multai,2015-12-19,LEDFace,P,1,4,
Multai,2015-12-19,PCB,T,2,2,
Multai,2015-12-22,GooseNeck,M,1,24,
Multai,2015-12-22,PCB,M,1,2,
Multai,2015-12-22,SolarPanel,M,1,5,
Multai,2015-12-22,SolarPanel,P,1,5,
Multai,2015-12-23,Battery,T,1,2,
Multai,2015-12-23,LoadWire,P,1,2,
Multai,2015-12-23,PCB,T,1,3,
Multai,2015-12-23,PCB,T,2,13,
Multai,2015-12-24,Battery,T,1,2,
Multai,2015-12-24,LoadWire,P,1,1,
Multai,2015-12-24,PCB,T,1,3,
Multai,2015-12-24,PCB,T,2,12,
Multai,2015-12-24,SolarPanel,P,1,3,
Multai,2015-12-24,SolarPanel,T,1,1,
Multai,2015-12-25,BaseTop,P,1,1,
Multai,2015-12-25,Battery,T,1,4,
Multai,2015-12-25,LEDFace,P,1,4,
Multai,2015-12-25,PCB,T,1,4,
Multai,2015-12-25,SolarPanel,T,1,2,
Multai,2015-12-26,LEDFace,P,1,3,
Multai,2015-12-26,PCB,T,1,2,
Multai,2015-12-27,PCB,T,2,7,
Multai,2015-12-28,PCB,T,1,1,
Multai,2015-12-28,PCB,T,2,6,
Multai,2015-12-28,SolarPanel,T,1,9,
Multai,2015-12-29,BaseBottom,M,1,1,
Multai,2015-12-29,BaseTop,M,1,1,
Multai,2015-12-29,GooseNeck,M,1,14,
Multai,2015-12-29,LEDFace,M,1,5,
Multai,2015-12-29,LEDStrip,M,1,30,
Multai,2015-12-29,LEDTop,M,1,4,
Multai,2015-12-29,PCB,M,1,5,
Multai,2015-12-29,SolarPanel,M,1,6,
Multai,2015-12-29,SolarPanel,P,1,5,
Multai,2015-12-30,BaseBottom,P,1,1,
Multai,2015-12-30,Battery,T,1,5,
Multai,2015-12-30,LEDFace,P,1,3,
Multai,2015-12-30,LoadWire,P,1,4,
Multai,2015-12-31,Battery,T,1,5,
Multai,2015-12-31,LEDFace,P,1,1,
Multai,2015-12-31,LEDStrip,T,1,1,
Multai,2015-12-31,PCB,T,1,3,
Multai,2016-01-02,BaseBottom,P,1,1,
Multai,2016-01-02,SolarPanel,T,1,5,
Multai,2016-01-03,BaseBottom,P,1,1,
Multai,2016-01-03,Battery,T,1,7,
Multai,2016-01-03,LEDFace,P,1,6,
Multai,2016-01-03,LEDStrip,T,1,1,
Multai,2016-01-03,PCB,T,1,4,
Multai,2016-01-03,PCB,T,2,10,
Multai,2016-01-07,Battery,M,1,5,S1
Multai,2016-01-07,GooseNeck,M,1,15,S1
Multai,2016-01-07,LEDFace,M,1,6,S1
Multai,2016-01-07,LEDTop,M,1,6,S1
Multai,2016-01-07,LoadWire,M,1,31,S1
Multai,2016-01-07,PCB,M,1,12,S1
Multai,2016-01-07,SolarPanel,M,1,3,S1
Multai,2016-01-08,PCB,T,1,2,S1
Multai,2016-01-08,PCB,T,2,10,S1
Multai,2016-12-01,Battery,T,1,10,
Multai,2016-12-01,SolarPanel,T,1,6,
Betul,2015-11-26,SolarPanel,P,1,16,
Betul,2015-12-03,PackageBox,P,1,2,
Betul,2015-12-03,SolarPanel,P,1,2,
Betul,2015-12-03,SolarPanel,T,1,1,
Betul,2015-12-04,LEDFace,P,1,4,
Betul,2015-12-04,PCB,P,1,1,
Betul,2015-12-05,BaseBottom,P,1,1,
Betul,2015-12-05,Battery,T,1,1,
Betul,2015-12-05,LEDFace,P,1,5,
Betul,2015-12-05,LoadWire,P,1,1,
Betul,2015-12-05,PackageBox,P,1,1,
Betul,2015-12-05,PCB,T,1,2,
Betul,2015-12-05,PCB,T,2,4,
Betul,2015-12-10,BaseBottom,P,1,1,
Betul,2015-12-10,Battery,T,1,4,
Betul,2015-12-10,PackageBox,P,1,13,
Betul,2015-12-10,PCB,T,1,3,
Betul,2015-12-10,PCB,T,2,2,
Betul,2015-12-10,SolarPanel,T,1,1,
Betul,2015-12-15,Battery,T,1,8,
Betul,2015-12-15,LEDFace,P,1,7,
Betul,2015-12-15,PackageBox,P,1,5,
Betul,2015-12-15,PCB,P,1,5,
Betul,2015-12-15,PCB,T,1,4,
Betul,2015-12-15,PCB,T,2,1,
Betul,2015-12-16,Battery,T,1,1,
Betul,2015-12-16,LEDFace,P,1,2,
Betul,2015-12-16,PCB,T,1,1,
Betul,2015-12-23,Battery,M,1,1,
Betul,2015-12-23,GooseNeck,E,1,30,
Betul,2015-12-23,LEDFace,M,1,17,
Betul,2015-12-23,LEDTop,M,1,13,
Betul,2015-12-23,PackageBox,M,1,8,
Betul,2015-12-23,PCB,M,1,6,
Betul,2015-12-23,SolarPanel,M,1,10,
Betul,2015-12-23,SolarPanel,P,1,3,
Betul,2015-12-30,GooseNeck,M,1,5,
Betul,2015-12-30,LEDFace,M,1,15,
Betul,2015-12-30,LEDStrip,M,1,2,
Betul,2015-12-30,LEDTop,M,1,15,
Betul,2015-12-30,PackageBox,M,1,3,
Betul,2015-12-30,PCB,M,1,2,
Betul,2015-12-30,SolarPanel,M,1,1,
Betul,2016-01-07,BaseBottom,M,1,18,S1
Betul,2016-01-07,BaseTop,M,1,18,S1
Betul,2016-01-07,Battery,M,1,5,S1
Betul,2016-01-07,GooseNeck,M,1,5,S1
Betul,2016-01-07,LEDFace,M,1,6,S1
Betul,2016-01-07,LEDStrip,M,1,6,S1
Betul,2016-01-07,LEDTop,M,1,6,S1
Betul,2016-01-07,PackageBox,M,1,15,S1
Betul,2016-01-07,PCB,M,1,12,S1
Betul,2016-01-07,SolarPanel,M,1,4,S1
Beohari,2015-12-04,GooseNeck,M,1,6,
Beohari,2015-12-04,LoadWire,M,1,10,
Beohari,2015-12-04,SolarPanel,E,1,1,
Beohari,2015-12-04,SolarPanel,P,1,19,
Beohari,2015-12-05,PackageBox,P,1,1,
Beohari,2015-12-06,Battery,T,1,1,
Beohari,2015-12-06,LEDFace,P,1,3,
Beohari,2015-12-06,PackageBox,P,1,1,
Beohari,2015-12-06,PCB,T,2,3,
Beohari,2015-12-07,BaseBottom,P,1,1,
Beohari,2015-12-07,Battery,T,1,3,
Beohari,2015-12-07,GooseNeck,P,1,1,
Beohari,2015-12-07,LEDStrip,T,1,2,
Beohari,2015-12-07,LoadWire,T,1,3,
Beohari,2015-12-07,PCB,T,1,2,
Beohari,2015-12-08,LEDReflector,P,1,2,
Beohari,2015-12-08,PCB,T,1,2,
Beohari,2015-12-08,SolarPanel,T,1,2,
Beohari,2015-12-09,GooseNeck,P,1,1,
Beohari,2015-12-09,PCB,T,1,5,
Beohari,2015-12-11,LEDFace,P,1,2,
Beohari,2015-12-11,LEDReflector,P,1,1,
Beohari,2015-12-11,PCB,T,1,2,
Beohari,2015-12-26,Battery,E,1,1,
Beohari,2015-12-26,GooseNeck,E,1,5,
Beohari,2015-12-26,LoadWire,M,1,1,
Beohari,2015-12-26,PackageBox,M,1,4,
Beohari,2015-12-26,PCB,M,1,1,
Beohari,2015-12-26,SolarPanel,E,1,2,
Beohari,2015-12-28,Battery,T,1,2,
Beohari,2015-12-28,GooseNeck,P,1,1,
Beohari,2015-12-28,PCB,T,1,24,
Beohari,2015-12-29,GooseNeck,P,1,2,
Beohari,2015-12-29,LoadWire,P,1,5,
Beohari,2015-12-29,PCB,T,1,7,
Beohari,2015-12-30,Battery,T,1,1,
Beohari,2015-12-30,GooseNeck,P,1,1,
Beohari,2015-12-30,LEDFace,P,1,1,
Beohari,2015-12-30,LEDTop,P,1,2,
Beohari,2015-12-30,PCB,T,1,23,
Beohari,2015-12-31,Battery,P,1,2,
Beohari,2015-12-31,GooseNeck,P,1,7,
Beohari,2015-12-31,LEDFace,P,1,3,
Beohari,2015-12-31,LEDStrip,T,1,4,
Beohari,2015-12-31,LoadWire,P,1,1,
Beohari,2015-12-31,PackageBox,P,1,21,
Beohari,2015-12-31,PCB,T,1,28,
Beohari,2016-01-01,Battery,T,1,1,
Beohari,2016-01-01,GooseNeck,P,1,3,
Beohari,2016-01-01,LEDFace,P,1,11,
Beohari,2016-01-01,LoadWire,P,1,1,
Beohari,2016-01-01,PCB,T,1,5,
Beohari,2016-01-02,Battery,T,1,1,
Beohari,2016-01-02,GooseNeck,P,1,4,
Beohari,2016-01-02,LoadWire,P,1,2,
Beohari,2016-01-02,PCB,T,1,7,
Beohari,2016-01-05,LEDFace,P,1,12,
Beohari,2016-01-05,LEDStrip,T,1,2,
Beohari,2016-01-05,LEDTop,P,1,1,
Beohari,2016-01-05,PCB,T,1,10,
Beohari,2016-01-05,PCB,T,2,7,
Beohari,2016-01-14,Battery,M,1,15,S1
Beohari,2016-01-14,GooseNeck,M,1,2,S1
Beohari,2016-01-14,LEDStrip,M,1,15,S1
Beohari,2016-01-14,LoadWire,M,1,90,S1
Beohari,2016-01-14,PCB,M,1,8,S1
Beohari,2016-01-14,SolarPanel,M,1,9,S1
Beohari,2016-01-15,BaseBottom,P,1,5,S1
Beohari,2016-01-15,Battery,T,1,2,S1
Beohari,2016-01-15,PCB,T,2,8,S1
Beohari,2016-01-15,PushButton,P,1,5,S1
Beohari,2016-01-15,SolarPanel,P,1,1,S1
Beohari,2016-01-16,Battery,P,1,2,S1
Beohari,2016-01-16,Battery,T,1,2,S1
Beohari,2016-01-16,GooseNeck,P,1,10,S1
Beohari,2016-01-16,LoadWire,P,1,1,S1
Beohari,2016-01-16,PCB,T,2,4,S1
Beohari,2016-01-16,SolarPanel,P,1,1,S1
Beohari,2016-01-16,SolarPanel,T,1,1,S1
Beohari,2016-01-17,LEDFace,P,1,1,T1
Beohari,2016-01-17,PushButton,P,1,3,T1
Jaisinghnagar,2015-12-04,Battery,M,1,1,
Jaisinghnagar,2015-12-04,LEDFace,M,1,5,
Jaisinghnagar,2015-12-04,LEDReflector,M,1,5,
Jaisinghnagar,2015-12-04,LEDStrip,M,1,33,
Jaisinghnagar,2015-12-04,LEDTop,M,1,5,
Jaisinghnagar,2015-12-04,LoadWire,M,1,2,
Jaisinghnagar,2015-12-04,LoadWire,P,1,1,
Jaisinghnagar,2015-12-04,PackageBox,M,1,6,
Jaisinghnagar,2015-12-04,PCB,M,1,5,
Jaisinghnagar,2015-12-04,SolarPanel,M,1,11,
Jaisinghnagar,2015-12-05,Battery,T,1,2,
Jaisinghnagar,2015-12-05,PCB,T,2,2,
Jaisinghnagar,2015-12-06,Battery,T,1,1,
Jaisinghnagar,2015-12-06,LoadWire,P,1,1,
Jaisinghnagar,2015-12-06,PCB,T,1,1,
Jaisinghnagar,2015-12-06,SolarPanel,T,1,1,
Jaisinghnagar,2015-12-07,Battery,T,1,1,
Jaisinghnagar,2015-12-07,PCB,T,2,1,
Jaisinghnagar,2015-12-07,SolarPanel,T,1,1,
Jaisinghnagar,2015-12-08,GooseNeck,P,1,1,
Jaisinghnagar,2015-12-08,LEDReflector,P,1,1,
Jaisinghnagar,2015-12-08,LEDStrip,T,1,1,
Jaisinghnagar,2015-12-08,PCB,T,2,1,
Jaisinghnagar,2015-12-08,SolarPanel,T,1,2,
Jaisinghnagar,2015-12-09,GooseNeck,P,1,1,
Jaisinghnagar,2015-12-09,LEDFace,P,1,2,
Jaisinghnagar,2015-12-09,LEDStrip,T,1,1,
Jaisinghnagar,2015-12-09,PackageBox,P,1,1,
Jaisinghnagar,2015-12-09,PCB,T,1,3,
Jaisinghnagar,2015-12-09,PCB,T,2,2,
Jaisinghnagar,2015-12-10,Battery,T,1,2,
Jaisinghnagar,2015-12-10,LEDFace,P,1,1,
Jaisinghnagar,2015-12-10,LoadWire,P,1,2,
Jaisinghnagar,2015-12-11,Battery,T,1,2,
Jaisinghnagar,2015-12-11,LEDStrip,T,1,1,
Jaisinghnagar,2015-12-11,LoadWire,P,1,1,
Jaisinghnagar,2015-12-11,PCB,T,1,1,
Jaisinghnagar,2015-12-11,PCB,T,2,1,
Jaisinghnagar,2015-12-11,SolarPanel,T,1,1,
Jaisinghnagar,2015-12-26,Battery,M,1,16,
Jaisinghnagar,2015-12-26,GooseNeck,M,1,6,
Jaisinghnagar,2015-12-26,LEDReflector,P,1,2,
Jaisinghnagar,2015-12-26,LEDStrip,M,1,47,
Jaisinghnagar,2015-12-26,LoadWire,M,1,3,
Jaisinghnagar,2015-12-26,PackageBox,M,1,9,
Jaisinghnagar,2015-12-26,PCB,M,1,9,
Jaisinghnagar,2015-12-26,PushButton,M,1,43,
Jaisinghnagar,2015-12-26,SolarPanel,M,1,1,
Jaisinghnagar,2015-12-26,SolarPanel,P,1,11,
Jaisinghnagar,2015-12-26,SoulStickers,M,1,4,
Jaisinghnagar,2015-12-27,Battery,T,1,7,
Jaisinghnagar,2015-12-27,GooseNeck,P,1,2,
Jaisinghnagar,2015-12-27,LEDTop,P,1,2,
Jaisinghnagar,2015-12-27,LoadWire,P,1,6,
Jaisinghnagar,2015-12-27,PackageBox,P,1,2,
Jaisinghnagar,2015-12-27,PCB,T,2,4,
Jaisinghnagar,2015-12-27,SolarPanel,T,1,6,
Jaisinghnagar,2015-12-28,Battery,T,1,10,
Jaisinghnagar,2015-12-28,GooseNeck,P,1,2,
Jaisinghnagar,2015-12-28,LEDFace,P,1,3,
Jaisinghnagar,2015-12-28,PCB,T,2,3,
Jaisinghnagar,2015-12-28,SolarPanel,T,1,3,
Jaisinghnagar,2015-12-29,Battery,T,1,5,
Jaisinghnagar,2015-12-29,GooseNeck,P,1,2,
Jaisinghnagar,2015-12-29,LEDFace,P,1,3,
Jaisinghnagar,2015-12-29,LoadWire,P,1,4,
Jaisinghnagar,2015-12-29,PackageBox,P,1,3,
Jaisinghnagar,2015-12-29,PCB,T,2,5,
Jaisinghnagar,2015-12-29,SolarPanel,T,1,3,
Jaisinghnagar,2015-12-30,BaseTop,P,1,1,
Jaisinghnagar,2015-12-30,Battery,T,1,5,
Jaisinghnagar,2015-12-30,GooseNeck,P,1,1,
Jaisinghnagar,2015-12-30,LEDFace,P,1,2,
Jaisinghnagar,2015-12-30,LEDStrip,T,1,1,
Jaisinghnagar,2015-12-30,LEDTop,P,1,3,
Jaisinghnagar,2015-12-30,LoadWire,P,1,1,
Jaisinghnagar,2015-12-30,SolarPanel,T,1,3,
Jaisinghnagar,2016-01-14,Battery,M,1,17,S1
Jaisinghnagar,2016-01-14,GooseNeck,M,1,1,S1
Jaisinghnagar,2016-01-14,LEDFace,M,1,1,S1
Jaisinghnagar,2016-01-14,LEDStrip,M,1,7,S1
Jaisinghnagar,2016-01-14,LEDTop,M,1,1,S1
Jaisinghnagar,2016-01-14,LoadWire,M,1,30,S1
Jaisinghnagar,2016-01-14,PackageBox,M,1,1,S1
Jaisinghnagar,2016-01-14,PackageBox,P,1,20,S1
Jaisinghnagar,2016-01-14,PCB,M,1,9,S1
Jaisinghnagar,2016-01-14,SolarPanel,P,1,6,S1
Jaisinghnagar,2016-01-15,Battery,T,1,2,S1
Jaisinghnagar,2016-01-15,GooseNeck,P,1,6,S1
Jaisinghnagar,2016-01-15,LoadWire,P,1,3,S1
Jaisinghnagar,2016-01-15,PCB,T,2,5,S1
Jaisinghnagar,2016-01-16,Battery,T,1,1,S1
Jaisinghnagar,2016-01-16,LoadWire,P,1,1,S1
Jaisinghnagar,2016-01-16,PCB,T,2,2,S1
Igatpuri,2015-12-07,PackageBox,P,1,1,
Igatpuri,2015-12-07,PCB,T,2,3,
Igatpuri,2015-12-08,SolarPanel,T,1,3,
Igatpuri,2015-12-09,SolarPanel,T,1,1,
Igatpuri,2015-12-10,PCB,T,2,2,
Igatpuri,2015-12-10,SolarPanel,T,1,2,
Igatpuri,2015-12-15,LEDStrip,T,1,1,
Igatpuri,2015-12-15,PCB,P,1,1,
Igatpuri,2015-12-15,PCB,T,1,1,
Igatpuri,2015-12-15,PCB,T,2,2,
Igatpuri,2015-12-16,PCB,M,1,1,
Igatpuri,2015-12-16,PCB,T,2,2,
Igatpuri,2015-12-16,SolarPanel,T,1,5,
Igatpuri,2015-12-17,GooseNeck,M,1,2,
Igatpuri,2015-12-17,GooseNeck,P,1,7,
Igatpuri,2015-12-17,LEDFace,P,1,14,
Igatpuri,2016-01-02,Battery,T,1,3,
Igatpuri,2016-01-02,GooseNeck,P,1,7,
Igatpuri,2016-01-02,LEDFace,P,1,11,
Igatpuri,2016-01-02,PCB,T,1,4,
Igatpuri,2016-01-02,PCB,T,2,2,
Igatpuri,2016-01-02,SolarPanel,P,1,3,
Igatpuri,2016-01-03,Battery,T,1,1,
Igatpuri,2016-01-03,GooseNeck,P,1,2,
Igatpuri,2016-01-03,LEDFace,P,1,16,
Igatpuri,2016-01-04,LEDFace,P,1,7,
Igatpuri,2016-01-04,PackageBox,P,1,1,
Igatpuri,2016-01-04,SolarPanel,T,1,1,
Igatpuri,2016-01-05,Battery,T,1,1,
Igatpuri,2016-01-05,PCB,P,1,1,
Igatpuri,2016-01-05,PCB,T,2,2,
Igatpuri,2016-01-05,SolarPanel,P,1,3,
Igatpuri,2016-01-06,LEDFace,P,1,7,
Igatpuri,2016-01-06,PackageBox,P,1,2,
Igatpuri,2016-01-06,PCB,P,1,1,
Igatpuri,2016-01-06,PCB,T,1,2,
Igatpuri,2016-01-06,PCB,T,2,4,
Igatpuri,2016-01-07,LEDFace,P,1,10,
Igatpuri,2016-01-07,PCB,T,1,1,
Igatpuri,2016-01-07,PCB,T,2,2,
Igatpuri,2016-01-07,SolarPanel,P,1,3,
Igatpuri,2016-01-08,GooseNeck,P,1,3,
Igatpuri,2016-01-08,LEDFace,P,1,1,
Igatpuri,2016-01-08,LEDStrip,T,1,3,
Igatpuri,2016-01-08,PCB,P,1,1,
Igatpuri,2016-01-08,SolarPanel,P,1,1,
Igatpuri,2016-01-10,Battery,T,1,1,
Igatpuri,2016-01-10,LEDFace,P,1,12,
Igatpuri,2016-01-10,LEDStrip,T,1,1,
Igatpuri,2016-01-10,PCB,P,1,3,
Igatpuri,2016-01-10,PCB,T,2,5,
Igatpuri,2016-01-11,Battery,T,1,1,
Igatpuri,2016-01-11,GooseNeck,P,1,1,
Igatpuri,2016-01-11,LEDFace,P,1,10,
Igatpuri,2016-01-12,Battery,P,1,1,
Igatpuri,2016-01-12,LEDFace,P,1,15,
Igatpuri,2016-01-12,PCB,T,2,3,
Igatpuri,2016-01-12,SolarPanel,T,1,2,
Igatpuri,2016-01-13,Battery,T,1,3,
Igatpuri,2016-01-13,LEDFace,P,1,5,
Igatpuri,2016-01-13,PCB,T,1,3,
Igatpuri,2016-01-13,PCB,T,2,2,
Igatpuri,2016-01-13,SolarPanel,P,1,1,
Peint,2015-11-24,LEDFace,M,1,1,
Peint,2015-11-24,PackageBox,P,1,1,
Peint,2015-11-24,SolarPanel,P,1,1,
Peint,2015-12-02,GooseNeck,P,1,1,
Peint,2015-12-02,PackageBox,M,1,2,
Peint,2015-12-02,PCB,T,2,4,
Peint,2015-12-02,SolarPanel,T,1,2,
Peint,2015-12-03,LEDFace,P,1,10,
Peint,2015-12-03,PackageBox,M,1,1,
Peint,2015-12-03,PackageBox,P,1,2,
Peint,2015-12-03,PCB,T,1,1,
Peint,2015-12-03,PCB,T,2,3,
Peint,2015-12-03,SolarPanel,T,1,1,
Peint,2015-12-15,BaseBottom,M,1,1,
Peint,2015-12-15,BaseTop,M,1,1,
Peint,2015-12-15,Battery,M,1,5,
Peint,2015-12-15,GooseNeck,M,1,6,
Peint,2015-12-15,IdeaStickers,M,1,3,
Peint,2015-12-15,LEDFace,M,1,1,
Peint,2015-12-15,LEDTop,M,1,1,
Peint,2015-12-15,LoadWire,E,1,3,
Peint,2015-12-15,PackageBox,M,1,1,
Peint,2015-12-15,SolarPanel,P,1,4,
Peint,2015-12-16,BaseTop,P,1,1,
Peint,2015-12-16,LEDFace,P,1,1,
Peint,2015-12-16,PCB,T,2,1,
Peint,2015-12-16,SolarPanel,T,1,1,
Peint,2015-12-17,BaseTop,P,1,1,
Peint,2015-12-17,GooseNeck,P,1,1,
Peint,2015-12-17,LEDFace,P,1,2,
Peint,2015-12-17,PCB,T,1,1,
Peint,2015-12-17,PCB,T,2,1,
Peint,2015-12-17,SolarPanel,T,1,1,
Peint,2015-12-18,LEDStrip,T,1,1,
Peint,2015-12-18,PCB,T,2,5,
Peint,2015-12-19,LEDFace,P,1,2,
Peint,2015-12-19,PCB,T,2,1,
Peint,2015-12-19,SolarPanel,T,1,3,
Peint,2015-12-21,LEDFace,P,1,1,
Peint,2015-12-21,PCB,T,2,3,
Peint,2015-12-21,SolarPanel,T,1,1,
Peint,2015-12-22,PCB,T,2,7,
Peint,2015-12-23,GooseNeck,E,1,1,
Peint,2015-12-23,IdeaStickers,M,1,372,
Peint,2015-12-23,LEDFace,M,1,2,
Peint,2015-12-23,PackageBox,M,1,3,
Peint,2015-12-23,SolarPanel,M,1,2,
Peint,2015-12-23,SoulStickers,E,1,36,
Peint,2015-12-24,Battery,T,1,2,
Peint,2015-12-24,GooseNeck,P,1,1,
Peint,2015-12-24,LEDFace,P,1,3,
Peint,2015-12-24,PackageBox,P,1,2,
Peint,2015-12-24,PCB,T,2,5,
Peint,2015-12-24,SolarPanel,P,1,4,
Peint,2015-12-28,Battery,T,1,3,
Peint,2015-12-28,LEDFace,P,1,1,
Peint,2015-12-28,LoadWire,P,1,2,
Peint,2015-12-28,PackageBox,P,1,3,
Peint,2015-12-28,PCB,T,1,1,
Peint,2015-12-28,PCB,T,2,2,
Peint,2015-12-28,SolarPanel,P,1,1,
Peint,2015-12-29,GooseNeck,P,1,1,
Peint,2015-12-29,PCB,P,1,1,
Peint,2015-12-29,PCB,T,1,1,
Peint,2015-12-30,Battery,P,1,1,
Peint,2015-12-30,LEDFace,P,1,1,
Peint,2015-12-30,PCB,P,1,2,
Peint,2015-12-30,SolarPanel,P,1,1,
Peint,2015-12-31,Battery,P,1,6,
Peint,2015-12-31,GooseNeck,P,1,1,
Peint,2015-12-31,LEDFace,P,1,3,
Peint,2015-12-31,PCB,P,1,1,
Peint,2015-12-31,PCB,T,1,1,
Peint,2015-12-31,PCB,T,2,1,
Peint,2015-12-31,SolarPanel,P,1,2,
Peint,2016-01-01,BaseBottom,P,1,2,
Peint,2016-01-01,Battery,P,1,1,
Peint,2016-01-01,Battery,T,1,2,
Peint,2016-01-01,GooseNeck,P,1,2,
Peint,2016-01-01,LEDFace,P,1,2,
Peint,2016-01-01,PCB,P,1,1,
Peint,2016-01-01,PCB,T,2,1,
Peint,2016-01-01,SolarPanel,P,1,1,
Peint,2016-01-01,SolarPanel,T,1,1,
Peint,2016-01-02,GooseNeck,M,1,2,
Peint,2016-01-02,LEDFace,M,1,1,
Peint,2016-01-02,LEDTop,M,1,1,
Peint,2016-01-02,PackageBox,M,1,2,
Peint,2016-01-04,Battery,T,1,2,
Peint,2016-01-04,LEDFace,P,1,4,
Peint,2016-01-04,PCB,T,1,1,
Peint,2016-01-04,PCB,T,2,3,
Peint,2016-01-04,SolarPanel,P,1,3,
Peint,2016-01-04,SolarPanel,T,1,1,
Peint,2016-01-05,GooseNeck,P,1,3,
Peint,2016-01-05,LEDFace,P,1,7,
Peint,2016-01-05,PCB,T,1,1,
Peint,2016-01-05,SolarPanel,P,1,2,
Peint,2016-01-06,Battery,T,1,1,
Peint,2016-01-06,GooseNeck,P,1,1,
Peint,2016-01-06,LEDFace,P,1,6,
Peint,2016-01-06,LoadWire,P,1,1,
Peint,2016-01-06,PCB,T,2,3,
Peint,2016-01-06,SolarPanel,P,1,2,
Peint,2016-01-07,Battery,T,1,1,
Peint,2016-01-07,LEDFace,P,1,8,
Peint,2016-01-07,LoadWire,P,1,1,
Peint,2016-01-07,PCB,T,2,3,
Peint,2016-01-07,SolarPanel,P,1,4,
Peint,2016-01-08,Battery,P,1,2,
Peint,2016-01-08,Battery,T,1,5,
Peint,2016-01-08,LEDFace,P,1,2,
Peint,2016-01-08,LoadWire,P,1,1,
Peint,2016-01-08,PCB,P,1,1,
Peint,2016-01-08,PCB,T,2,4,
Peint,2016-01-08,SolarPanel,P,1,3,
Peint,2016-01-09,LEDFace,P,1,8,
Peint,2016-01-09,LoadWire,P,1,1,
Peint,2016-01-09,PCB,T,2,2,
Peint,2016-01-09,SolarPanel,P,1,4,
Peint,2016-01-11,LEDFace,P,1,7,
Peint,2016-01-11,LEDStrip,T,1,1,
Peint,2016-01-11,PCB,P,1,1,
Peint,2016-01-11,PCB,T,2,1,
Peint,2016-01-11,SolarPanel,P,1,1,
Peint,2016-01-12,Battery,P,1,1,
Peint,2016-01-12,Battery,T,1,1,
Peint,2016-01-12,LEDFace,P,1,8,
Peint,2016-01-12,PCB,P,1,1,
Peint,2016-01-12,PCB,T,2,5,
Peint,2016-01-12,SolarPanel,P,1,2,
Peint,2016-01-14,Battery,P,1,1,S1
Peint,2016-01-14,LEDFace,P,1,7,S1
Peint,2016-01-14,LoadWire,P,1,1,S1
Peint,2016-01-14,PCB,T,2,4,S1
Peint,2016-01-14,SolarPanel,P,1,1,S1
Peint,2016-01-14,SolarPanel,T,1,2,S1
Peint,2016-01-15,LEDFace,P,1,4,S1
Peint,2016-01-15,PCB,T,2,2,S1
Peint,2016-01-15,SolarPanel,T,1,1,S1
Peint,2016-01-18,Battery,T,1,2,S1
Peint,2016-01-18,GooseNeck,P,1,3,S1
Peint,2016-01-18,PackageBox,P,1,1,S1
Peint,2016-01-18,PCB,T,2,1,S1
Peint,2016-01-18,SolarPanel,P,1,1,S1
Peint,2016-01-18,SolarPanel,T,1,3,S1
Surgana,2015-12-03,LEDFace,P,1,2,
Surgana,2015-12-03,PCB,M,1,2,
Surgana,2015-12-03,PCB,T,1,1,
Surgana,2015-12-03,SolarPanel,T,1,1,
Surgana,2015-12-04,Battery,T,1,1,
Surgana,2015-12-04,GooseNeck,M,1,1,
Surgana,2015-12-04,GooseNeck,P,1,1,
Surgana,2015-12-04,PackageBox,P,1,1,
Surgana,2015-12-04,PCB,P,1,3,
Surgana,2015-12-04,PCB,T,1,2,
Surgana,2015-12-04,SolarPanel,T,1,1,
Surgana,2015-12-14,LEDStrip,T,1,1,
Surgana,2015-12-14,SolarPanel,T,1,2,
Surgana,2015-12-16,PCB,P,1,9,
Surgana,2015-12-16,PCB,T,1,2,
Surgana,2015-12-16,PCB,T,2,2,
Surgana,2015-12-16,SolarPanel,P,1,3,
Surgana,2015-12-17,PCB,T,1,1,
Surgana,2015-12-18,PCB,T,1,4,
Surgana,2015-12-19,SolarPanel,T,1,1,
Trimbak,2015-12-02,GooseNeck,M,1,5,
Trimbak,2015-12-02,LEDFace,P,1,4,
Trimbak,2015-12-02,PackageBox,M,1,3,
Trimbak,2015-12-02,PCB,P,1,1,
Trimbak,2015-12-02,PCB,T,1,1,
Trimbak,2015-12-02,PCB,T,2,4,
Trimbak,2015-12-02,SolarPanel,E,1,1,
Trimbak,2015-12-02,SolarPanel,T,1,3,
Trimbak,2015-12-03,GooseNeck,M,1,7,
Trimbak,2015-12-03,LEDFace,P,1,2,
Trimbak,2015-12-03,LoadWire,T,1,2,
Trimbak,2015-12-03,PackageBox,M,1,5,
Trimbak,2015-12-03,PackageBox,P,1,1,
Trimbak,2015-12-03,PCB,T,2,3,
Trimbak,2015-12-03,SolarPanel,T,1,1,
Trimbak,2015-12-16,LEDFace,P,1,13,
Trimbak,2015-12-16,LoadWire,P,1,1,
Trimbak,2015-12-16,PCB,T,2,3,
Trimbak,2015-12-16,SolarPanel,T,1,1,
Trimbak,2015-12-17,GooseNeck,P,1,7,
Trimbak,2015-12-17,LoadWire,T,1,1,
Trimbak,2015-12-17,PCB,P,1,5,
Trimbak,2015-12-17,PCB,T,2,1,
Trimbak,2015-12-18,GooseNeck,P,1,3,
Trimbak,2016-01-03,LEDFace,P,1,6,
Trimbak,2016-01-03,PCB,T,2,3,
Trimbak,2016-01-03,SolarPanel,T,1,3,
Trimbak,2016-01-04,LEDFace,P,1,5,
Trimbak,2016-01-04,PCB,T,2,1,
Trimbak,2016-01-04,SolarPanel,T,1,2,
Trimbak,2016-01-05,LEDFace,P,1,8,
Trimbak,2016-01-05,PCB,T,2,3,
Trimbak,2016-01-05,SolarPanel,T,1,3,
Trimbak,2016-01-06,LEDFace,M,1,1,
Trimbak,2016-01-06,LEDFace,P,1,10,
Trimbak,2016-01-06,LEDTop,M,1,1,
Trimbak,2016-01-06,PCB,T,2,2,
Trimbak,2016-01-06,SolarPanel,T,1,10,
Trimbak,2016-01-07,LEDFace,P,1,3,
Trimbak,2016-01-07,PCB,T,2,2,
Trimbak,2016-01-07,SolarPanel,T,1,2,
Trimbak,2016-01-08,LEDFace,P,1,10,
Trimbak,2016-01-08,PCB,T,2,1,
Trimbak,2016-01-09,LEDFace,P,1,12,
Trimbak,2016-01-09,PCB,T,2,2,
Trimbak,2016-01-09,SolarPanel,T,1,3,
Trimbak,2016-01-11,BaseBottom,P,1,1,
Trimbak,2016-01-11,BaseTop,P,1,1,
Trimbak,2016-01-11,LEDFace,P,1,14,
Trimbak,2016-01-11,PCB,T,2,3,
Trimbak,2016-01-11,SolarPanel,T,1,5,
Trimbak,2016-01-13,LEDFace,P,1,19,
Trimbak,2016-01-13,LoadWire,T,1,2,
Trimbak,2016-01-13,PCB,T,2,6,
Trimbak,2016-01-13,SolarPanel,T,1,1,
Boriguma,2015-12-10,IdeaStickers,E,1,6,
Boriguma,2015-12-10,LEDStrip,E,1,10,
Boriguma,2015-12-10,PackageBox,M,1,3,
Boriguma,2015-12-10,SolarPanel,P,1,1,
Boriguma,2015-12-12,BaseTop,P,1,4,
Boriguma,2015-12-12,Battery,T,1,2,
Boriguma,2015-12-12,GooseNeck,M,1,3,
Boriguma,2015-12-12,GooseNeck,P,1,4,
Boriguma,2015-12-12,LEDFace,P,1,2,
Boriguma,2015-12-12,LEDStrip,E,1,10,
Boriguma,2015-12-12,LEDTop,P,1,4,
Boriguma,2015-12-12,PackageBox,M,1,3,
Boriguma,2015-12-12,PCB,T,1,3,
Boriguma,2015-12-12,SolarPanel,E,1,1,
Boriguma,2015-12-13,BaseTop,P,1,1,
Boriguma,2015-12-13,Battery,T,1,2,
Boriguma,2015-12-13,GooseNeck,P,1,2,
Boriguma,2015-12-13,LEDFace,P,1,3,
Boriguma,2015-12-13,LEDTop,P,1,1,
Boriguma,2015-12-13,PCB,T,1,3,
Boriguma,2015-12-13,SolarPanel,P,1,1,
Boriguma,2015-12-14,BaseBottom,P,1,1,
Boriguma,2015-12-14,Battery,T,1,3,
Boriguma,2015-12-14,PCB,P,1,2,
Boriguma,2015-12-14,PCB,T,1,4,
Boriguma,2015-12-14,SolarPanel,T,1,1,
Boriguma,2015-12-15,GooseNeck,P,1,1,
Boriguma,2015-12-15,LEDFace,P,1,3,
Boriguma,2015-12-15,LoadWire,P,1,1,
Boriguma,2015-12-15,PCB,P,1,1,
Boriguma,2015-12-15,PCB,T,1,1,
Boriguma,2015-12-21,Battery,T,1,13,
Boriguma,2015-12-21,PCB,T,2,3,
Boriguma,2016-01-05,LEDFace,P,1,1,
Boriguma,2016-01-05,LEDStrip,P,1,1,
Boriguma,2016-01-05,PCB,T,1,2,
Boriguma,2016-01-05,SoulStickers,P,1,68,
Boriguma,2016-01-06,Battery,M,1,10,
Boriguma,2016-01-06,Battery,T,1,3,
Boriguma,2016-01-06,GooseNeck,M,1,8,
Boriguma,2016-01-06,LEDFace,M,1,3,
Boriguma,2016-01-06,LEDFace,P,1,4,
Boriguma,2016-01-06,LEDStrip,E,1,14,
Boriguma,2016-01-06,LEDStrip,P,1,1,
Boriguma,2016-01-06,LEDTop,M,1,3,
Boriguma,2016-01-06,LoadWire,M,1,62,
Boriguma,2016-01-06,LoadWire,P,1,1,
Boriguma,2016-01-06,PackageBox,M,1,20,
Boriguma,2016-01-06,PCB,M,1,11,
Boriguma,2016-01-06,PCB,P,1,1,
Boriguma,2016-01-06,SolarPanel,M,1,18,
Boriguma,2016-01-07,Battery,T,1,1,
Boriguma,2016-01-07,GooseNeck,P,1,5,
Boriguma,2016-01-07,LEDFace,P,1,4,
Boriguma,2016-01-07,LEDStrip,T,1,2,
Boriguma,2016-01-07,LEDTop,P,1,2,
Boriguma,2016-01-07,LoadWire,P,1,1,
Boriguma,2016-01-07,PCB,P,1,1,
Boriguma,2016-01-07,PCB,T,2,5,
Boriguma,2016-01-08,Battery,T,1,1,
Boriguma,2016-01-08,LEDFace,P,1,5,
Boriguma,2016-01-08,LEDStrip,P,1,1,
Boriguma,2016-01-08,LoadWire,P,1,2,
Boriguma,2016-01-08,PCB,T,2,1,
Boriguma,2016-01-08,SolarPanel,P,1,2,
Boriguma,2016-01-09,BaseTop,P,1,1,
Boriguma,2016-01-09,Battery,T,1,4,
Boriguma,2016-01-09,GooseNeck,P,1,2,
Boriguma,2016-01-09,LEDStrip,T,1,1,
Boriguma,2016-01-09,LEDTop,P,1,2,
Boriguma,2016-01-09,SolarPanel,P,1,2,
Nabrangpur,2015-12-11,LEDFace,P,1,3,
Nabrangpur,2015-12-11,LEDStrip,T,1,1,
Nabrangpur,2015-12-11,PCB,P,1,1,
Nabrangpur,2015-12-11,PCB,T,1,4,
Nabrangpur,2015-12-15,GooseNeck,M,1,7,
Nabrangpur,2015-12-15,LoadWire,M,1,2,
Nabrangpur,2015-12-15,PackageBox,M,1,6,
Nabrangpur,2015-12-15,PCB,M,1,4,
Nabrangpur,2015-12-15,SolarPanel,M,1,2,
Nabrangpur,2015-12-16,LEDStrip,T,1,1,
Nabrangpur,2015-12-16,PCB,T,1,3,
Nabrangpur,2015-12-17,PCB,T,1,1,
Nabrangpur,2015-12-18,PCB,T,1,2,
Nabrangpur,2015-12-21,PCB,T,1,5,
Nabrangpur,2015-12-28,PCB,T,1,3,
Nabrangpur,2015-12-30,PCB,P,1,4,
Nabrangpur,2015-12-30,PCB,T,1,13,
Nabrangpur,2015-12-30,SolarPanel,P,1,1,
Nabrangpur,2015-12-30,SolarPanel,T,1,7,
Nabrangpur,2015-12-31,PCB,P,1,2,
Nabrangpur,2015-12-31,PCB,T,1,3,
Nabrangpur,2016-01-14,PCB,T,1,3,S1
Nabrangpur,2016-01-15,PCB,T,1,3,S1
Nabrangpur,2016-01-15,PCB,T,2,4,S1
Nabrangpur,2016-01-16,Battery,T,1,3,S1
Nabrangpur,2016-01-16,PCB,T,2,2,S1
Nabrangpur,2016-01-17,PCB,T,2,1,S1
Umerkote,2015-12-14,Battery,T,1,1,
Umerkote,2015-12-14,PCB,T,1,5,
Umerkote,2015-12-15,LoadWire,P,1,1,
Umerkote,2015-12-15,PCB,T,1,5,
Umerkote,2015-12-16,LoadWire,P,1,1,
Umerkote,2015-12-16,PCB,M,1,3,
Umerkote,2015-12-16,PCB,T,1,2,
Umerkote,2015-12-16,SolarPanel,M,1,3,
Umerkote,2015-12-17,LEDTop,P,1,1,
Umerkote,2015-12-17,LoadWire,P,1,4,
Umerkote,2015-12-17,PCB,T,1,2,
Umerkote,2015-12-17,SolarPanel,P,1,1,
Umerkote,2015-12-18,BaseBottom,P,1,1,
Umerkote,2015-12-18,PCB,T,1,3,
Umerkote,2015-12-20,LoadWire,P,1,1,
Umerkote,2015-12-20,PCB,T,1,1,
Umerkote,2015-12-20,SolarPanel,T,1,2,
Umerkote,2015-12-21,PCB,T,1,1,
Umerkote,2015-12-22,Battery,T,1,1,
Umerkote,2015-12-22,PCB,T,1,4,
Umerkote,2015-12-23,BaseBottom,P,1,2,
Umerkote,2015-12-23,Battery,M,1,11,
Umerkote,2015-12-23,Battery,T,1,4,
Umerkote,2015-12-23,LEDStrip,T,1,1,
Umerkote,2015-12-23,LEDTop,P,1,1,
Umerkote,2015-12-23,LoadWire,P,1,3,
Umerkote,2015-12-23,PCB,M,1,7,
Umerkote,2015-12-23,PCB,T,1,6,
Umerkote,2015-12-23,Screws,M,1,1,
Umerkote,2015-12-23,SolarPanel,M,1,5,
Umerkote,2015-12-23,SolarPanel,P,1,3,
Umerkote,2015-12-24,PCB,T,1,10,
Umerkote,2015-12-24,SolarPanel,P,1,4,
Umerkote,2015-12-24,SolarPanel,T,1,4,
Umerkote,2015-12-25,PCB,T,1,8,
Umerkote,2015-12-25,SolarPanel,T,1,4,
Umerkote,2015-12-26,PCB,T,1,8,
Umerkote,2015-12-26,SolarPanel,T,1,6,
Umerkote,2015-12-27,PCB,T,1,2,
Umerkote,2015-12-27,SolarPanel,T,1,3,
Pipalkhoont,2015-11-30,LEDFace,P,1,1,G1
Pipalkhoont,2015-11-30,LoadWire,P,1,1,G1
Pipalkhoont,2015-12-01,LEDFace,P,1,1,G1
Pipalkhoont,2015-12-01,LoadWire,P,1,1,G1
Pipalkhoont,2015-12-03,Battery,P,1,1,G1
Pipalkhoont,2015-12-03,LEDFace,P,1,2,G1
Pipalkhoont,2015-12-03,LoadWire,P,1,1,G1
Pipalkhoont,2015-12-12,BaseBottom,P,1,2,G1
Pipalkhoont,2015-12-12,LEDFace,P,1,2,G1
Pipalkhoont,2015-12-12,LoadWire,P,1,2,G1
Pipalkhoont,2015-12-14,Battery,P,1,2,G1
Pipalkhoont,2015-12-14,LEDFace,P,1,1,G1
Pipalkhoont,2015-12-14,LoadWire,P,1,1,G1
Chotisarvan,2015-11-30,LEDFace,P,1,98,
Chotisarvan,2015-11-30,LEDStrip,T,1,1,
Chotisarvan,2015-11-30,LoadWire,P,1,5,
Chotisarvan,2015-11-30,SolarPanel,M,1,1,
Chotisarvan,2015-11-30,SolarPanel,T,1,5,
Chotisarvan,2015-12-01,IdeaStickers,M,1,40,
Chotisarvan,2015-12-01,LEDFace,P,1,96,
Chotisarvan,2015-12-01,LEDReflector,P,1,3,
Chotisarvan,2015-12-01,LEDTop,P,1,1,
Chotisarvan,2015-12-01,LoadWire,M,1,1,
Chotisarvan,2015-12-01,LoadWire,P,1,2,
Chotisarvan,2015-12-01,PCB,M,1,2,
Chotisarvan,2015-12-01,PCB,T,2,1,
Chotisarvan,2015-12-01,SolarPanel,E,1,1,
Chotisarvan,2015-12-01,SolarPanel,P,1,1,
Chotisarvan,2015-12-01,SolarPanel,T,1,4,
Chotisarvan,2015-12-01,SoulStickers,M,1,80,
Chotisarvan,2015-12-02,Battery,M,1,2,
Chotisarvan,2015-12-02,Battery,T,1,3,
Chotisarvan,2015-12-02,LEDFace,P,1,53,
Chotisarvan,2015-12-02,LoadWire,P,1,2,
Chotisarvan,2015-12-02,LoadWire,T,1,1,
Chotisarvan,2015-12-02,PCB,T,2,1,
Chotisarvan,2015-12-02,SolarPanel,P,1,8,
Chotisarvan,2015-12-02,SolarPanel,T,1,2,
Chotisarvan,2015-12-03,Battery,T,1,1,
Chotisarvan,2015-12-03,LEDFace,P,1,5,
Chotisarvan,2015-12-03,LEDTop,P,1,1,
Chotisarvan,2015-12-03,PushButton,E,1,40,
Chotisarvan,2015-12-03,SolarPanel,P,1,2,
Chotisarvan,2015-12-03,SolarPanel,T,1,3,
Chotisarvan,2015-12-15,BaseTop,P,1,1,
Chotisarvan,2015-12-15,GooseNeck,P,1,1,
Chotisarvan,2015-12-15,LEDFace,P,1,11,
Chotisarvan,2015-12-15,LEDStrip,P,1,2,
Chotisarvan,2015-12-15,PCB,M,1,2,
Chotisarvan,2015-12-15,PCB,T,2,13,
Chotisarvan,2015-12-15,SolarPanel,T,1,3,
Chotisarvan,2015-12-17,LEDStrip,T,1,1,
Chotisarvan,2015-12-17,PCB,T,2,2,
Chotisarvan,2015-12-17,SolarPanel,P,1,2,
Chotisarvan,2015-12-18,PCB,T,2,2,
Chotisarvan,2015-12-19,GooseNeck,P,1,2,
Chotisarvan,2015-12-19,LEDFace,P,1,8,
Chotisarvan,2015-12-19,LoadWire,P,1,1,
Chotisarvan,2015-12-19,PCB,T,2,13,
Chotisarvan,2015-12-19,SolarPanel,P,1,2,
Chotisarvan,2015-12-19,SolarPanel,T,1,2,
Chotisarvan,2015-12-20,LEDFace,P,1,8,
Chotisarvan,2015-12-20,LEDReflector,P,1,1,
Chotisarvan,2015-12-20,LEDStrip,M,1,2,
Chotisarvan,2015-12-20,LoadWire,E,1,12,
Chotisarvan,2015-12-20,PCB,T,2,18,
Chotisarvan,2015-12-20,SolarPanel,T,1,3,
Garhi,2015-11-19,Battery,P,1,1,
Garhi,2015-11-19,Battery,T,1,1,
Garhi,2015-12-01,Battery,P,1,1,G1
Garhi,2015-12-01,Battery,T,1,1,G1
Garhi,2015-12-01,SolarPanel,T,1,4,
Garhi,2015-12-02,Battery,T,1,1,
Garhi,2015-12-02,LEDFace,P,1,2,
Garhi,2015-12-02,LEDStrip,T,1,5,
Garhi,2015-12-02,LoadWire,P,1,2,
Garhi,2015-12-03,SolarPanel,P,1,1,
Garhi,2015-12-14,GooseNeck,M,1,5,
Garhi,2015-12-14,LEDFace,M,1,8,
Garhi,2015-12-14,LEDTop,M,1,4,
Garhi,2015-12-14,LoadWire,P,1,1,
Garhi,2015-12-14,PCB,T,1,1,
Garhi,2015-12-14,SolarPanel,P,1,1,
Garhi,2015-12-14,SolarPanel,T,1,1,
Garhi,2015-12-16,LEDStrip,M,1,20,
Garhi,2015-12-16,LoadWire,M,1,4,
Garhi,2015-12-16,SolarPanel,T,1,13,
Garhi,2015-12-18,Battery,T,1,2,
Garhi,2015-12-18,LEDFace,M,1,4,
Garhi,2015-12-18,LEDTop,M,1,4,
Garhi,2015-12-18,LoadWire,P,1,2,
Garhi,2015-12-18,PCB,P,1,1,
Garhi,2015-12-18,PCB,T,1,1,
Garhi,2015-12-18,PCB,T,2,1,
Garhi,2015-12-18,SolarPanel,P,1,2,
Garhi,2015-12-18,SolarPanel,T,1,4,
Garhi,2016-01-11,LEDFace,M,1,4,
Garhi,2016-01-11,LEDReflector,M,1,8,
Garhi,2016-01-11,LEDStrip,M,1,4,
Garhi,2016-01-11,LEDTop,M,1,4,
Garhi,2016-01-11,PackageBox,M,1,5,
Garhi,2016-01-11,SolarPanel,M,1,2,
Garhi,2016-01-14,SolarPanel,T,1,2,
Garhi,2016-01-15,Battery,T,1,1,G1
Garhi,2016-01-15,LoadWire,P,1,1,G1
Garhi,2016-01-15,SolarPanel,T,1,11,G1
Garhi,2016-01-16,GooseNeck,P,1,1,G1
Garhi,2016-01-16,LoadWire,P,1,1,G1
Garhi,2016-01-16,SolarPanel,T,1,13,G1
Ghatol,2015-11-19,Battery,T,1,2,
Ghatol,2015-11-19,SolarPanel,P,1,1,
Ghatol,2015-12-01,LEDFace,M,1,1,
Ghatol,2015-12-01,LEDReflector,M,1,1,
Ghatol,2015-12-01,LEDTop,M,1,1,
Ghatol,2015-12-03,Battery,P,1,1,
Ghatol,2015-12-03,IdeaStickers,M,1,40,
Ghatol,2015-12-03,LEDFace,M,1,1,
Ghatol,2015-12-03,LEDFace,P,1,7,
Ghatol,2015-12-03,LEDStrip,T,1,1,
Ghatol,2015-12-03,PackageBox,M,1,5,
Ghatol,2015-12-03,ProductStickers,M,1,40,
Ghatol,2015-12-03,SoulStickers,M,1,40,
Ghatol,2015-12-12,Battery,T,1,1,
Ghatol,2015-12-12,IdeaStickers,M,1,40,
Ghatol,2015-12-12,LEDFace,P,1,1,
Ghatol,2015-12-12,LEDStrip,M,1,21,
Ghatol,2015-12-12,LEDStrip,T,1,1,
Ghatol,2015-12-12,LoadWire,E,1,8,
Ghatol,2015-12-12,PackageBox,M,1,2,
Ghatol,2015-12-12,PCB,M,1,2,
Ghatol,2015-12-12,SoulStickers,M,1,40,
Ghatol,2015-12-15,GooseNeck,P,1,2,
Ghatol,2015-12-15,LoadWire,P,1,1,
Ghatol,2015-12-15,PCB,T,1,2,
Ghatol,2015-12-16,GooseNeck,P,1,1,
Ghatol,2015-12-16,SolarPanel,P,1,1,
Ghatol,2015-12-18,LEDFace,P,1,1,
Ghatol,2015-12-18,LEDStrip,T,1,1,
Ghatol,2015-12-18,PCB,T,2,1,
Ghatol,2015-12-19,PCB,T,1,2,
Ghatol,2015-12-19,SolarPanel,P,1,1,
Ghatol,2015-12-21,Battery,P,1,1,
Ghatol,2015-12-21,Battery,T,1,1,
Ghatol,2015-12-21,GooseNeck,P,1,1,
Ghatol,2016-01-11,Battery,M,1,3,
Ghatol,2016-01-11,GooseNeck,M,1,2,
Ghatol,2016-01-11,IdeaStickers,M,1,40,
Ghatol,2016-01-11,LEDReflector,M,1,1,
Ghatol,2016-01-11,LoadWire,P,1,2,
Ghatol,2016-01-11,PCB,M,1,4,
Ghatol,2016-01-11,PushButton,M,1,10,
Ghatol,2016-01-11,SolarPanel,M,1,5,
Ghatol,2016-01-12,Battery,T,1,1,
Ghatol,2016-01-12,LoadWire,P,1,3,
Ghatol,2016-01-13,LoadWire,P,1,1,
Ghatol,2016-01-14,Battery,T,1,1,G1
Ghatol,2016-01-14,LoadWire,P,1,4,G1
Ghatol,2016-01-17,LoadWire,P,1,1,G1
Ghatol,2016-01-17,PCB,T,1,1,G1


