Block Name,Date of Distribution,Qty Distributed,,,,Sum of Qty Distributed,Column Labels,,,,,,,,,,,,,,,,,,,,,,,,,
Mawai,05-11-2015,133,,,,Row Labels,Amla,Beohari,Bhainsdehi,Bhimpur,Bijadandi,Boriguma,Chotisarvan,Dabugam,Garhi,Ghatol,Igatpuri,Jaisinghnagar,Jharigam,Mawai,Mohgaon,Multai,Nandahandi,Narayanganj,Peint,Pipalkhoont,Prabhat,Surgana,Tentulikhunti,Trimbak,Umerkote,Grand Total
Mohgaon,07-11-2015,183,,,,05-11-2015,,,,,,,,,,,,,,133,,,,,,,,,,,,133
Mawai,07-11-2015,239,,,,07-11-2015,,,,,,,,,,,,,,239,183,,,,,,,,,,,422
Mohgaon,16-11-2015,860,,,,16-11-2015,,,,,,,,,,,,,,400,860,,,,,,,,,,,1260
Mawai,16-11-2015,400,,,,17-11-2015,,,,,,,,,,,,,,1155,421,,,,,,,,,,,1576
Mawai,17-11-2015,1155,,,,18-11-2015,,,,,,,,,,,,,,182,78,,,,,,,,,,,260
Pipalkhoont,21-12-2015,266,,,,04-12-2015,,,,,,,,,26,,,,,,80,,,,16,,,,,,,122
Mohgaon,17-11-2015,421,,,,05-12-2015,,,,,,,,,220,,,,,,,,,,127,,,164,,,,511
Mohgaon,18-11-2015,78,,,,06-12-2015,,,,,,,,,,,,,,,,,,,,,,225,,,,225
Mawai,18-11-2015,182,,,,07-12-2015,,,,,,,,,441,103,,,,,,,,,90,,,47,,,,681
Mohgaon,11-12-2015,128,,,,08-12-2015,,,,,,,100,,176,474,,,,,,,,,,,,,,,,750
Garhi,04-12-2015,26,,,,09-12-2015,161,,52,,,,146,,104,325,,101,,,,,,,367,,,,,,,1256
Chotisarvan,08-12-2015,100,,,,10-12-2015,,,154,,,,,,,,,35,,,,,,,,,,86,,,,275
Garhi,05-12-2015,220,,,,11-12-2015,,,86,,,,101,,,39,,125,,,128,141,,,,,,,,,,620
Ghatol,07-12-2015,103,,,,12-12-2015,33,,,,,,328,,,44,,133,,,91,7,,,,,,,,,,636
Garhi,07-12-2015,441,,,,14-12-2015,,75,292,,,,50,,,147,,118,,400,,,,,,,,,,96,,1178
Peint,09-12-2015,367,,,,15-12-2015,,,,,,48,,,172,86,,10,,506,,,,,,222,,,,265,,1309
Peint,04-12-2015,16,,,,16-12-2015,,39,,,,64,197,,167,496,,130,123,470,,,,,,165,26,,,70,,1947
Peint,07-12-2015,90,,,,17-12-2015,,157,,315,,98,140,,,,83,543,70,,191,,,360,,110,17,,,150,,2234
Mohgaon,04-12-2015,80,,,,18-12-2015,200,23,,,,395,18,,60,365,127,251,138,,224,,23,171,,163,70,179,93,448,79,3027
Ghatol,08-12-2015,474,,,,19-12-2015,,109,,,,394,178,,218,393,158,97,30,,181,234,,275,,201,,,,86,271,2825
Garhi,08-12-2015,176,,,,21-12-2015,320,137,,73,,271,420,,100,462,311,,54,,,338,125,,411,266,200,463,0,367,80,4398
Ghatol,09-12-2015,325,,,,22-12-2015,20,131,,477,,86,,128,346,34,600,,108,,172,155,176,,733,295,185,355,,,173,4174
Jaisinghnagar,09-12-2015,101,,,,23-12-2015,49,227,,,,,,,220,,,,,,168,,,,515,66,150,,,,,1395
Chotisarvan,09-12-2015,146,,,,24-12-2015,,,288,69,,,,,29,,,,,,,,,,,,,,,,,386
Garhi,09-12-2015,104,,,,25-12-2015,,,,,,,,,30,,,,,,,,,,,,,,,,,30
Peint,05-12-2015,127,,,,28-12-2015,,189,,,,,,,,,45,305,,,2,,,89,152,,130,107,,,,1019
Surgana,05-12-2015,164,,,,29-12-2015,585,82,,,,,,,,,97,399,,,,240,,,338,,165,490,,,,2396
Surgana,06-12-2015,225,,,,30-12-2015,530,345,248,525,,,,,,,86,285,,,,129,,,397,,287,500,,16,,3348
Surgana,10-12-2015,86,,,,31-12-2015,120,269,,853,,,,,,,,331,,,156,214,,,320,,,20,,,,2283
Jaisinghnagar,10-12-2015,35,,,,01-01-2016,120,221,,,,,,,,,,90,,,215,120,,,104,,266,427,,,,1563
Amla,09-12-2015,161,,,,02-01-2016,210,110,973,455,,,,,,,,91,,,289,136,,,,,466,163,,,,2893
Ghatol,11-12-2015,39,,,,04-01-2016,370,210,174,,,,,,,,,,,,224,153,,307,332,,212,228,,,,2210
Jaisinghnagar,11-12-2015,125,,,,05-01-2016,120,120,299,82,,,,50,,,126,,,520,170,240,,377,499,,292,366,,,,3261
Multai,12-12-2015,7,,,,06-01-2016,115,166,,299,,,,,,,,28,100,640,,50,,,332,,334,781,,,60,2905
Chotisarvan,11-12-2015,101,,,,07-01-2016,502,212,,,,,,29,,,72,,40,161,84,170,60,292,580,,647,284,,229,70,3432
Chotisarvan,12-12-2015,328,,,,08-01-2016,391,233,,,,108,,21,,,41,,174,70,149,50,54,,227,,80,265,60,451,40,2414
Ghatol,12-12-2015,44,,,,09-01-2016,321,,,,,80,,,,,25,,113,,107,160,2,193,313,,240,540,40,203,,2337
Jaisinghnagar,12-12-2015,133,,,,11-01-2016,502,,1405,1394,,255,,,,,137,,80,,48,250,176,295,565,,270,,90,440,,5907
Mohgaon,12-12-2015,91,,,,12-01-2016,280,,357,150,300,398,,320,,,121,,512,,,50,324,,378,175,164,,245,,,3774
Bhainsdehi,11-12-2015,86,,,,13-01-2016,557,,350,463,,408,,154,98,287,154,,591,,,350,115,,401,245,465,470,282,889,251,6530
Bhainsdehi,10-12-2015,154,,,,14-01-2016,407,,500,725,,402,,20,78,319,680,,,,,710,261,75,,200,530,1402,98,578,,6985
Bhainsdehi,09-12-2015,52,,,,15-01-2016,1050,,250,850,,,,,,200,,0,,,,980,,,,100,250,,,,,3680
Trimbak,14-12-2015,96,,,,16-01-2016,220,,230,610,,,,,,,,90,,,,310,164,,237,,280,,97,,,2238
Ghatol,14-12-2015,147,,,,18-01-2016,110,,100,300,,,,104,78,576,,345,,,,405,116,,344,273,150,,155,,,3056
Jaisinghnagar,14-12-2015,118,,,,19-01-2016,90,145,,450,,,,193,300,738,,339,,,,410,164,,,362,300,,161,,,3652
Beohari,14-12-2015,75,,,,20-01-2016,,,,,,,10,,,,,,,,,,,,,,,,,,,10
Chotisarvan,14-12-2015,50,,,,18-12-2016,,,,,,,,,,,,,,,,,0,,,,,,,,,0
Boriguma,15-12-2015,48,,,,21-12-2016,,,,,,,,,,,,,,,,,0,,,,,,,,,0
Ghatol,15-12-2015,86,,,,31-12-2016,,,,,,,,,,,,,,,,,,,,,215,,,,,215
Garhi,15-12-2015,172,,,,Grand Total,7383,3200,5758,8090,300,3007,1688,1019,2863,5088,2863,3846,2133,4876,4221,6002,1760,2434,7778,2843,6391,7562,1321,4288,1024,97738
Jaisinghnagar,15-12-2015,10,,,,,,,,,,,,,,,,,,,,,,,,,,,,,,
Ghatol,16-12-2015,496,,,,,,,,,,,,,,,,,,,,,,,,,,,,,,
Pipalkhoont,15-12-2015,222,,,,,,,,,,,,,,,,,,,,,,,,,,,,,,
Umerkote,13-01-2016,251,,,,,,,,,,,,,,,,,,,,,,,,,,,,,,
Jaisinghnagar,29-12-2015,399,,,,,,,,,,,,,,,,,,,,,,,,,,,,,,
Peint,29-12-2015,338,,,,,,,,,,,,,,,,,,,,,,,,,,,,,,
Jharigam,13-01-2016,591,,,,,,,,,,,,,,,,,,,,,,,,,,,,,,
Pipalkhoont,13-01-2016,245,,,,,,,,,,,,,,,,,,,,,,,,,,,,,,
Prabhat,16-12-2015,26,,,,,,,,,,,,,,,,,,,,,,,,,,,,,,
Bijadandi,12-01-2016,300,,,,,,,,,,,,,,,,,,,,,,,,,,,,,,
Boriguma,16-12-2015,64,,,,,,,,,,,,,,,,,,,,,,,,,,,,,,
Trimbak,15-12-2015,265,,,,,,,,,,,,,,,,,,,,,,,,,,,,,,
Trimbak,16-12-2015,70,,,,,,,,,,,,,,,,,,,,,,,,,,,,,,
Jaisinghnagar,16-12-2015,130,,,,,,,,,,,,,,,,,,,,,,,,,,,,,,
Chotisarvan,16-12-2015,197,,,,,,,,,,,,,,,,,,,,,,,,,,,,,,
Garhi,16-12-2015,167,,,,,,,,,,,,,,,,,,,,,,,,,,,,,,
Jaisinghnagar,28-12-2015,305,,,,,,,,,,,,,,,,,,,,,,,,,,,,,,
Boriguma,17-12-2015,98,,,,,,,,,,,,,,,,,,,,,,,,,,,,,,
Surgana,07-12-2015,47,,,,,,,,,,,,,,,,,,,,,,,,,,,,,,
Igatpuri,17-12-2015,83,,,,,,,,,,,,,,,,,,,,,,,,,,,,,,
Jaisinghnagar,17-12-2015,543,,,,,,,,,,,,,,,,,,,,,,,,,,,,,,
Trimbak,17-12-2015,150,,,,,,,,,,,,,,,,,,,,,,,,,,,,,,
Narayanganj,19-12-2015,275,,,,,,,,,,,,,,,,,,,,,,,,,,,,,,
Prabhat,17-12-2015,17,,,,,,,,,,,,,,,,,,,,,,,,,,,,,,
Mohgaon,17-12-2015,191,,,,,,,,,,,,,,,,,,,,,,,,,,,,,,
Tentulikhunti,18-12-2015,93,,,,,,,,,,,,,,,,,,,,,,,,,,,,,,
Nandahandi,18-12-2015,23,,,,,,,,,,,,,,,,,,,,,,,,,,,,,,
Jharigam,16-12-2015,123,,,,,,,,,,,,,,,,,,,,,,,,,,,,,,
Jharigam,17-12-2015,70,,,,,,,,,,,,,,,,,,,,,,,,,,,,,,
Jharigam,18-12-2015,138,,,,,,,,,,,,,,,,,,,,,,,,,,,,,,
Umerkote,18-12-2015,79,,,,,,,,,,,,,,,,,,,,,,,,,,,,,,
Garhi,18-12-2015,60,,,,,,,,,,,,,,,,,,,,,,,,,,,,,,
Boriguma,18-12-2015,395,,,,,,,,,,,,,,,,,,,,,,,,,,,,,,
Surgana,18-12-2015,179,,,,,,,,,,,,,,,,,,,,,,,,,,,,,,
Jaisinghnagar,18-12-2015,251,,,,,,,,,,,,,,,,,,,,,,,,,,,,,,
Igatpuri,18-12-2015,127,,,,,,,,,,,,,,,,,,,,,,,,,,,,,,
Chotisarvan,17-12-2015,140,,,,,,,,,,,,,,,,,,,,,,,,,,,,,,
Chotisarvan,18-12-2015,18,,,,,,,,,,,,,,,,,,,,,,,,,,,,,,
Igatpuri,19-12-2015,158,,,,,,,,,,,,,,,,,,,,,,,,,,,,,,
Boriguma,19-12-2015,394,,,,,,,,,,,,,,,,,,,,,,,,,,,,,,
Trimbak,18-12-2015,448,,,,,,,,,,,,,,,,,,,,,,,,,,,,,,
Ghatol,18-12-2015,365,,,,,,,,,,,,,,,,,,,,,,,,,,,,,,
Trimbak,19-12-2015,86,,,,,,,,,,,,,,,,,,,,,,,,,,,,,,
Garhi,19-12-2015,218,,,,,,,,,,,,,,,,,,,,,,,,,,,,,,
Jaisinghnagar,19-12-2015,97,,,,,,,,,,,,,,,,,,,,,,,,,,,,,,
Mawai,14-12-2015,400,,,,,,,,,,,,,,,,,,,,,,,,,,,,,,
Mawai,15-12-2015,506,,,,,,,,,,,,,,,,,,,,,,,,,,,,,,
Mawai,16-12-2015,470,,,,,,,,,,,,,,,,,,,,,,,,,,,,,,
Chotisarvan,19-12-2015,178,,,,,,,,,,,,,,,,,,,,,,,,,,,,,,
Beohari,17-12-2015,157,,,,,,,,,,,,,,,,,,,,,,,,,,,,,,
Beohari,18-12-2015,23,,,,,,,,,,,,,,,,,,,,,,,,,,,,,,
Ghatol,19-12-2015,393,,,,,,,,,,,,,,,,,,,,,,,,,,,,,,
Pipalkhoont,14-01-2016,200,,,,,,,,,,,,,,,,,,,,,,,,,,,,,,
Pipalkhoont,16-12-2015,165,,,,,,,,,,,,,,,,,,,,,,,,,,,,,,
Pipalkhoont,17-12-2015,110,,,,,,,,,,,,,,,,,,,,,,,,,,,,,,
Pipalkhoont,18-12-2015,163,,,,,,,,,,,,,,,,,,,,,,,,,,,,,,
Pipalkhoont,19-12-2015,201,,,,,,,,,,,,,,,,,,,,,,,,,,,,,,
Prabhat,18-12-2015,70,,,,,,,,,,,,,,,,,,,,,,,,,,,,,,
Amla,18-12-2015,200,,,,,,,,,,,,,,,,,,,,,,,,,,,,,,
Multai,11-12-2015,141,,,,,,,,,,,,,,,,,,,,,,,,,,,,,,
Trimbak,21-12-2015,367,,,,,,,,,,,,,,,,,,,,,,,,,,,,,,
Nandahandi,21-12-2015,125,,,,,,,,,,,,,,,,,,,,,,,,,,,,,,
Chotisarvan,21-12-2015,420,,,,,,,,,,,,,,,,,,,,,,,,,,,,,,
Surgana,21-12-2015,463,,,,,,,,,,,,,,,,,,,,,,,,,,,,,,
Peint,21-12-2015,411,,,,,,,,,,,,,,,,,,,,,,,,,,,,,,
Boriguma,21-12-2015,271,,,,,,,,,,,,,,,,,,,,,,,,,,,,,,
Igatpuri,21-12-2015,311,,,,,,,,,,,,,,,,,,,,,,,,,,,,,,
Beohari,16-12-2015,39,,,,,,,,,,,,,,,,,,,,,,,,,,,,,,
Beohari,19-12-2015,109,,,,,,,,,,,,,,,,,,,,,,,,,,,,,,
Beohari,21-12-2015,137,,,,,,,,,,,,,,,,,,,,,,,,,,,,,,
Ghatol,21-12-2015,462,,,,,,,,,,,,,,,,,,,,,,,,,,,,,,
Garhi,21-12-2015,100,,,,,,,,,,,,,,,,,,,,,,,,,,,,,,
Garhi,22-12-2015,346,,,,,,,,,,,,,,,,,,,,,,,,,,,,,,
Igatpuri,14-01-2016,680,,,,,,,,,,,,,,,,,,,,,,,,,,,,,,
Ghatol,22-12-2015,34,,,,,,,,,,,,,,,,,,,,,,,,,,,,,,
Nandahandi,22-12-2015,176,,,,,,,,,,,,,,,,,,,,,,,,,,,,,,
Dabugam,22-12-2015,128,,,,,,,,,,,,,,,,,,,,,,,,,,,,,,
Igatpuri,22-12-2015,600,,,,,,,,,,,,,,,,,,,,,,,,,,,,,,
Peint,22-12-2015,733,,,,,,,,,,,,,,,,,,,,,,,,,,,,,,
Beohari,22-12-2015,131,,,,,,,,,,,,,,,,,,,,,,,,,,,,,,
Boriguma,22-12-2015,86,,,,,,,,,,,,,,,,,,,,,,,,,,,,,,
Multai,19-12-2015,234,,,,,,,,,,,,,,,,,,,,,,,,,,,,,,
Multai,21-12-2015,338,,,,,,,,,,,,,,,,,,,,,,,,,,,,,,
Multai,22-12-2015,155,,,,,,,,,,,,,,,,,,,,,,,,,,,,,,
Pipalkhoont,23-12-2015,66,,,,,,,,,,,,,,,,,,,,,,,,,,,,,,
Pipalkhoont,22-12-2015,295,,,,,,,,,,,,,,,,,,,,,,,,,,,,,,
Peint,23-12-2015,515,,,,,,,,,,,,,,,,,,,,,,,,,,,,,,
Prabhat,21-12-2015,200,,,,,,,,,,,,,,,,,,,,,,,,,,,,,,
Prabhat,22-12-2015,185,,,,,,,,,,,,,,,,,,,,,,,,,,,,,,
Prabhat,23-12-2015,150,,,,,,,,,,,,,,,,,,,,,,,,,,,,,,
Amla,21-12-2015,320,,,,,,,,,,,,,,,,,,,,,,,,,,,,,,
Amla,22-12-2015,20,,,,,,,,,,,,,,,,,,,,,,,,,,,,,,
Amla,23-12-2015,49,,,,,,,,,,,,,,,,,,,,,,,,,,,,,,
Prabhat,14-01-2016,530,,,,,,,,,,,,,,,,,,,,,,,,,,,,,,
Amla,14-01-2016,407,,,,,,,,,,,,,,,,,,,,,,,,,,,,,,
Bhimpur,21-12-2015,73,,,,,,,,,,,,,,,,,,,,,,,,,,,,,,
Bhimpur,14-01-2016,725,,,,,,,,,,,,,,,,,,,,,,,,,,,,,,
Beohari,23-12-2015,227,,,,,,,,,,,,,,,,,,,,,,,,,,,,,,
Bhainsdehi,14-01-2016,500,,,,,,,,,,,,,,,,,,,,,,,,,,,,,,
Ghatol,14-01-2016,319,,,,,,,,,,,,,,,,,,,,,,,,,,,,,,
Surgana,22-12-2015,355,,,,,,,,,,,,,,,,,,,,,,,,,,,,,,
Beohari,28-12-2015,189,,,,,,,,,,,,,,,,,,,,,,,,,,,,,,
Narayanganj,18-12-2015,171,,,,,,,,,,,,,,,,,,,,,,,,,,,,,,
Mohgaon,18-12-2015,224,,,,,,,,,,,,,,,,,,,,,,,,,,,,,,
Mohgaon,19-12-2015,181,,,,,,,,,,,,,,,,,,,,,,,,,,,,,,
Bhimpur,12-01-2016,150,,,,,,,,,,,,,,,,,,,,,,,,,,,,,,
Mohgaon,22-12-2015,172,,,,,,,,,,,,,,,,,,,,,,,,,,,,,,
Narayanganj,17-12-2015,360,,,,,,,,,,,,,,,,,,,,,,,,,,,,,,
Peint,28-12-2015,152,,,,,,,,,,,,,,,,,,,,,,,,,,,,,,
Narayanganj,28-12-2015,89,,,,,,,,,,,,,,,,,,,,,,,,,,,,,,
Multai,29-12-2015,240,,,,,,,,,,,,,,,,,,,,,,,,,,,,,,
Prabhat,28-12-2015,130,,,,,,,,,,,,,,,,,,,,,,,,,,,,,,
Prabhat,29-12-2015,165,,,,,,,,,,,,,,,,,,,,,,,,,,,,,,
Amla,29-12-2015,585,,,,,,,,,,,,,,,,,,,,,,,,,,,,,,
Igatpuri,28-12-2015,45,,,,,,,,,,,,,,,,,,,,,,,,,,,,,,
Igatpuri,29-12-2015,97,,,,,,,,,,,,,,,,,,,,,,,,,,,,,,
Igatpuri,30-12-2015,86,,,,,,,,,,,,,,,,,,,,,,,,,,,,,,
Prabhat,30-12-2015,287,,,,,,,,,,,,,,,,,,,,,,,,,,,,,,
Amla,30-12-2015,530,,,,,,,,,,,,,,,,,,,,,,,,,,,,,,
Multai,30-12-2015,129,,,,,,,,,,,,,,,,,,,,,,,,,,,,,,
Peint,30-12-2015,397,,,,,,,,,,,,,,,,,,,,,,,,,,,,,,
Jaisinghnagar,30-12-2015,285,,,,,,,,,,,,,,,,,,,,,,,,,,,,,,
Beohari,29-12-2015,82,,,,,,,,,,,,,,,,,,,,,,,,,,,,,,
Beohari,30-12-2015,345,,,,,,,,,,,,,,,,,,,,,,,,,,,,,,
Bhainsdehi,12-01-2016,357,,,,,,,,,,,,,,,,,,,,,,,,,,,,,,
Trimbak,13-01-2016,889,,,,,,,,,,,,,,,,,,,,,,,,,,,,,,
Bhimpur,30-12-2015,525,,,,,,,,,,,,,,,,,,,,,,,,,,,,,,
Beohari,31-12-2015,269,,,,,,,,,,,,,,,,,,,,,,,,,,,,,,
Mohgaon,23-12-2015,168,,,,,,,,,,,,,,,,,,,,,,,,,,,,,,
Mohgaon,28-12-2015,2,,,,,,,,,,,,,,,,,,,,,,,,,,,,,,
Mohgaon,31-12-2015,156,,,,,,,,,,,,,,,,,,,,,,,,,,,,,,
Peint,31-12-2015,320,,,,,,,,,,,,,,,,,,,,,,,,,,,,,,
Jaisinghnagar,31-12-2015,331,,,,,,,,,,,,,,,,,,,,,,,,,,,,,,
Prabhat,31-12-2016,215,,,,,,,,,,,,,,,,,,,,,,,,,,,,,,
Multai,13-01-2016,350,,,,,,,,,,,,,,,,,,,,,,,,,,,,,,
Multai,31-12-2015,214,,,,,,,,,,,,,,,,,,,,,,,,,,,,,,
Prabhat,13-01-2016,465,,,,,,,,,,,,,,,,,,,,,,,,,,,,,,
Amla,13-01-2016,557,,,,,,,,,,,,,,,,,,,,,,,,,,,,,,
Bhimpur,13-01-2016,463,,,,,,,,,,,,,,,,,,,,,,,,,,,,,,
Jaisinghnagar,01-01-2016,90,,,,,,,,,,,,,,,,,,,,,,,,,,,,,,
Trimbak,30-12-2015,16,,,,,,,,,,,,,,,,,,,,,,,,,,,,,,
Beohari,01-01-2016,221,,,,,,,,,,,,,,,,,,,,,,,,,,,,,,
Bhainsdehi,13-01-2016,350,,,,,,,,,,,,,,,,,,,,,,,,,,,,,,
Mohgaon,01-01-2016,215,,,,,,,,,,,,,,,,,,,,,,,,,,,,,,
Amla,01-01-2016,120,,,,,,,,,,,,,,,,,,,,,,,,,,,,,,
Prabhat,01-01-2016,266,,,,,,,,,,,,,,,,,,,,,,,,,,,,,,
Multai,01-01-2016,120,,,,,,,,,,,,,,,,,,,,,,,,,,,,,,
Mohgaon,02-01-2016,289,,,,,,,,,,,,,,,,,,,,,,,,,,,,,,
Beohari,02-01-2016,110,,,,,,,,,,,,,,,,,,,,,,,,,,,,,,
Jaisinghnagar,02-01-2016,91,,,,,,,,,,,,,,,,,,,,,,,,,,,,,,
Surgana,28-12-2015,107,,,,,,,,,,,,,,,,,,,,,,,,,,,,,,
Surgana,29-12-2015,490,,,,,,,,,,,,,,,,,,,,,,,,,,,,,,
Surgana,30-12-2015,500,,,,,,,,,,,,,,,,,,,,,,,,,,,,,,
Surgana,31-12-2015,20,,,,,,,,,,,,,,,,,,,,,,,,,,,,,,
Surgana,01-01-2016,427,,,,,,,,,,,,,,,,,,,,,,,,,,,,,,
Surgana,02-01-2016,163,,,,,,,,,,,,,,,,,,,,,,,,,,,,,,
Bhimpur,17-12-2015,315,,,,,,,,,,,,,,,,,,,,,,,,,,,,,,
Prabhat,02-01-2016,466,,,,,,,,,,,,,,,,,,,,,,,,,,,,,,
Amla,02-01-2016,210,,,,,,,,,,,,,,,,,,,,,,,,,,,,,,
Multai,02-01-2016,136,,,,,,,,,,,,,,,,,,,,,,,,,,,,,,
Bhimpur,22-12-2015,477,,,,,,,,,,,,,,,,,,,,,,,,,,,,,,
Bhimpur,24-12-2015,69,,,,,,,,,,,,,,,,,,,,,,,,,,,,,,
Bhimpur,31-12-2015,853,,,,,,,,,,,,,,,,,,,,,,,,,,,,,,
Bhimpur,02-01-2016,455,,,,,,,,,,,,,,,,,,,,,,,,,,,,,,
Bhainsdehi,14-12-2015,292,,,,,,,,,,,,,,,,,,,,,,,,,,,,,,
Bhainsdehi,24-12-2015,288,,,,,,,,,,,,,,,,,,,,,,,,,,,,,,
Bhainsdehi,30-12-2015,248,,,,,,,,,,,,,,,,,,,,,,,,,,,,,,
Bhainsdehi,02-01-2016,973,,,,,,,,,,,,,,,,,,,,,,,,,,,,,,
Peint,13-01-2016,401,,,,,,,,,,,,,,,,,,,,,,,,,,,,,,
Bhainsdehi,04-01-2016,174,,,,,,,,,,,,,,,,,,,,,,,,,,,,,,
Peint,01-01-2016,104,,,,,,,,,,,,,,,,,,,,,,,,,,,,,,
Peint,04-01-2016,332,,,,,,,,,,,,,,,,,,,,,,,,,,,,,,
Beohari,04-01-2016,210,,,,,,,,,,,,,,,,,,,,,,,,,,,,,,
Surgana,04-01-2016,228,,,,,,,,,,,,,,,,,,,,,,,,,,,,,,
Bhimpur,05-01-2016,82,,,,,,,,,,,,,,,,,,,,,,,,,,,,,,
Narayanganj,04-01-2016,307,,,,,,,,,,,,,,,,,,,,,,,,,,,,,,
Peint,05-01-2016,499,,,,,,,,,,,,,,,,,,,,,,,,,,,,,,
Ghatol,13-01-2016,287,,,,,,,,,,,,,,,,,,,,,,,,,,,,,,
Igatpuri,13-01-2016,154,,,,,,,,,,,,,,,,,,,,,,,,,,,,,,
Dabugam,05-01-2016,50,,,,,,,,,,,,,,,,,,,,,,,,,,,,,,
Mawai,05-01-2016,520,,,,,,,,,,,,,,,,,,,,,,,,,,,,,,
Beohari,05-01-2016,120,,,,,,,,,,,,,,,,,,,,,,,,,,,,,,
Mohgaon,04-01-2016,224,,,,,,,,,,,,,,,,,,,,,,,,,,,,,,
Mohgaon,05-01-2016,170,,,,,,,,,,,,,,,,,,,,,,,,,,,,,,
Peint,06-01-2016,332,,,,,,,,,,,,,,,,,,,,,,,,,,,,,,
Beohari,06-01-2016,166,,,,,,,,,,,,,,,,,,,,,,,,,,,,,,
Igatpuri,05-01-2016,126,,,,,,,,,,,,,,,,,,,,,,,,,,,,,,
Garhi,13-01-2016,98,,,,,,,,,,,,,,,,,,,,,,,,,,,,,,
Narayanganj,05-01-2016,377,,,,,,,,,,,,,,,,,,,,,,,,,,,,,,
Mawai,06-01-2016,640,,,,,,,,,,,,,,,,,,,,,,,,,,,,,,
Jaisinghnagar,06-01-2016,28,,,,,,,,,,,,,,,,,,,,,,,,,,,,,,
Bhimpur,06-01-2016,299,,,,,,,,,,,,,,,,,,,,,,,,,,,,,,
Jharigam,19-12-2015,30,,,,,,,,,,,,,,,,,,,,,,,,,,,,,,
Umerkote,19-12-2015,271,,,,,,,,,,,,,,,,,,,,,,,,,,,,,,
Jharigam,21-12-2015,54,,,,,,,,,,,,,,,,,,,,,,,,,,,,,,
Umerkote,21-12-2015,80,,,,,,,,,,,,,,,,,,,,,,,,,,,,,,
Jharigam,22-12-2015,108,,,,,,,,,,,,,,,,,,,,,,,,,,,,,,
Umerkote,22-12-2015,173,,,,,,,,,,,,,,,,,,,,,,,,,,,,,,
Amla,07-01-2016,502,,,,,,,,,,,,,,,,,,,,,,,,,,,,,,
Prabhat,07-01-2016,647,,,,,,,,,,,,,,,,,,,,,,,,,,,,,,
Multai,07-01-2016,170,,,,,,,,,,,,,,,,,,,,,,,,,,,,,,
Dabugam,07-01-2016,29,,,,,,,,,,,,,,,,,,,,,,,,,,,,,,
Nandahandi,07-01-2016,60,,,,,,,,,,,,,,,,,,,,,,,,,,,,,,
Igatpuri,07-01-2016,72,,,,,,,,,,,,,,,,,,,,,,,,,,,,,,
Beohari,07-01-2016,212,,,,,,,,,,,,,,,,,,,,,,,,,,,,,,
Beohari,08-01-2016,233,,,,,,,,,,,,,,,,,,,,,,,,,,,,,,
Igatpuri,08-01-2016,41,,,,,,,,,,,,,,,,,,,,,,,,,,,,,,
Boriguma,08-01-2016,108,,,,,,,,,,,,,,,,,,,,,,,,,,,,,,
Amla,08-01-2016,391,,,,,,,,,,,,,,,,,,,,,,,,,,,,,,
Mawai,07-01-2016,161,,,,,,,,,,,,,,,,,,,,,,,,,,,,,,
Mawai,08-01-2016,70,,,,,,,,,,,,,,,,,,,,,,,,,,,,,,
Dabugam,08-01-2016,21,,,,,,,,,,,,,,,,,,,,,,,,,,,,,,
Nandahandi,08-01-2016,54,,,,,,,,,,,,,,,,,,,,,,,,,,,,,,
Tentulikhunti,08-01-2016,60,,,,,,,,,,,,,,,,,,,,,,,,,,,,,,
Peint,07-01-2016,580,,,,,,,,,,,,,,,,,,,,,,,,,,,,,,
Peint,08-01-2016,227,,,,,,,,,,,,,,,,,,,,,,,,,,,,,,
Trimbak,08-01-2016,451,,,,,,,,,,,,,,,,,,,,,,,,,,,,,,
Peint,09-01-2016,313,,,,,,,,,,,,,,,,,,,,,,,,,,,,,,
Nandahandi,09-01-2016,2,,,,,,,,,,,,,,,,,,,,,,,,,,,,,,
Tentulikhunti,09-01-2016,40,,,,,,,,,,,,,,,,,,,,,,,,,,,,,,
Prabhat,09-01-2016,240,,,,,,,,,,,,,,,,,,,,,,,,,,,,,,
Igatpuri,09-01-2016,25,,,,,,,,,,,,,,,,,,,,,,,,,,,,,,
Boriguma,09-01-2016,80,,,,,,,,,,,,,,,,,,,,,,,,,,,,,,
Amla,09-01-2016,321,,,,,,,,,,,,,,,,,,,,,,,,,,,,,,
Nandahandi,11-01-2016,176,,,,,,,,,,,,,,,,,,,,,,,,,,,,,,
Tentulikhunti,11-01-2016,90,,,,,,,,,,,,,,,,,,,,,,,,,,,,,,
Peint,11-01-2016,565,,,,,,,,,,,,,,,,,,,,,,,,,,,,,,
Trimbak,11-01-2016,440,,,,,,,,,,,,,,,,,,,,,,,,,,,,,,
Trimbak,09-01-2016,203,,,,,,,,,,,,,,,,,,,,,,,,,,,,,,
Trimbak,07-01-2016,229,,,,,,,,,,,,,,,,,,,,,,,,,,,,,,
Pipalkhoont,15-01-2016,100,,,,,,,,,,,,,,,,,,,,,,,,,,,,,,
Igatpuri,11-01-2016,137,,,,,,,,,,,,,,,,,,,,,,,,,,,,,,
Amla,11-01-2016,502,,,,,,,,,,,,,,,,,,,,,,,,,,,,,,
Bhainsdehi,11-01-2016,1405,,,,,,,,,,,,,,,,,,,,,,,,,,,,,,
Bhimpur,11-01-2016,1394,,,,,,,,,,,,,,,,,,,,,,,,,,,,,,
Boriguma,11-01-2016,255,,,,,,,,,,,,,,,,,,,,,,,,,,,,,,
Surgana,05-01-2016,366,,,,,,,,,,,,,,,,,,,,,,,,,,,,,,
Surgana,06-01-2016,781,,,,,,,,,,,,,,,,,,,,,,,,,,,,,,
Surgana,07-01-2016,284,,,,,,,,,,,,,,,,,,,,,,,,,,,,,,
Surgana,08-01-2016,265,,,,,,,,,,,,,,,,,,,,,,,,,,,,,,
Surgana,09-01-2016,540,,,,,,,,,,,,,,,,,,,,,,,,,,,,,,
Mohgaon,07-01-2016,84,,,,,,,,,,,,,,,,,,,,,,,,,,,,,,
Mohgaon,08-01-2016,149,,,,,,,,,,,,,,,,,,,,,,,,,,,,,,
Mohgaon,09-01-2016,107,,,,,,,,,,,,,,,,,,,,,,,,,,,,,,
Mohgaon,11-01-2016,48,,,,,,,,,,,,,,,,,,,,,,,,,,,,,,
Boriguma,12-01-2016,398,,,,,,,,,,,,,,,,,,,,,,,,,,,,,,
Peint,12-01-2016,378,,,,,,,,,,,,,,,,,,,,,,,,,,,,,,
Dabugam,12-01-2016,320,,,,,,,,,,,,,,,,,,,,,,,,,,,,,,
Nandahandi,12-01-2016,324,,,,,,,,,,,,,,,,,,,,,,,,,,,,,,
Tentulikhunti,12-01-2016,245,,,,,,,,,,,,,,,,,,,,,,,,,,,,,,
Jharigam,06-01-2016,100,,,,,,,,,,,,,,,,,,,,,,,,,,,,,,
Umerkote,06-01-2016,60,,,,,,,,,,,,,,,,,,,,,,,,,,,,,,
Jharigam,07-01-2016,40,,,,,,,,,,,,,,,,,,,,,,,,,,,,,,
Umerkote,07-01-2016,70,,,,,,,,,,,,,,,,,,,,,,,,,,,,,,
Jharigam,08-01-2016,174,,,,,,,,,,,,,,,,,,,,,,,,,,,,,,
Umerkote,08-01-2016,40,,,,,,,,,,,,,,,,,,,,,,,,,,,,,,
Jharigam,09-01-2016,113,,,,,,,,,,,,,,,,,,,,,,,,,,,,,,
Jharigam,11-01-2016,80,,,,,,,,,,,,,,,,,,,,,,,,,,,,,,
Jharigam,12-01-2016,512,,,,,,,,,,,,,,,,,,,,,,,,,,,,,,
Pipalkhoont,12-01-2016,175,,,,,,,,,,,,,,,,,,,,,,,,,,,,,,
Igatpuri,12-01-2016,121,,,,,,,,,,,,,,,,,,,,,,,,,,,,,,
Multai,04-01-2016,153,,,,,,,,,,,,,,,,,,,,,,,,,,,,,,
Multai,05-01-2016,240,,,,,,,,,,,,,,,,,,,,,,,,,,,,,,
Multai,06-01-2016,50,,,,,,,,,,,,,,,,,,,,,,,,,,,,,,
Multai,08-01-2016,50,,,,,,,,,,,,,,,,,,,,,,,,,,,,,,
Multai,09-01-2016,160,,,,,,,,,,,,,,,,,,,,,,,,,,,,,,
Multai,11-01-2016,250,,,,,,,,,,,,,,,,,,,,,,,,,,,,,,
Multai,12-01-2016,50,,,,,,,,,,,,,,,,,,,,,,,,,,,,,,
Prabhat,04-01-2016,212,,,,,,,,,,,,,,,,,,,,,,,,,,,,,,
Prabhat,05-01-2016,292,,,,,,,,,,,,,,,,,,,,,,,,,,,,,,
Prabhat,06-01-2016,334,,,,,,,,,,,,,,,,,,,,,,,,,,,,,,
Prabhat,08-01-2016,80,,,,,,,,,,,,,,,,,,,,,,,,,,,,,,
Prabhat,11-01-2016,270,,,,,,,,,,,,,,,,,,,,,,,,,,,,,,
Prabhat,12-01-2016,164,,,,,,,,,,,,,,,,,,,,,,,,,,,,,,
Amla,12-12-2015,33,,,,,,,,,,,,,,,,,,,,,,,,,,,,,,
Amla,31-12-2015,120,,,,,,,,,,,,,,,,,,,,,,,,,,,,,,
Amla,04-01-2016,370,,,,,,,,,,,,,,,,,,,,,,,,,,,,,,
Amla,05-01-2016,120,,,,,,,,,,,,,,,,,,,,,,,,,,,,,,
Amla,06-01-2016,115,,,,,,,,,,,,,,,,,,,,,,,,,,,,,,
Amla,12-01-2016,280,,,,,,,,,,,,,,,,,,,,,,,,,,,,,,
Garhi,14-01-2016,78,,,,,,,,,,,,,,,,,,,,,,,,,,,,,,
Trimbak,14-01-2016,578,,,,,,,,,,,,,,,,,,,,,,,,,,,,,,
Ghatol,15-01-2016,200,,,,,,,,,,,,,,,,,,,,,,,,,,,,,,
Surgana,13-01-2016,470,,,,,,,,,,,,,,,,,,,,,,,,,,,,,,
Surgana,14-01-2016,1402,,,,,,,,,,,,,,,,,,,,,,,,,,,,,,
Garhi,23-12-2015,220,,,,,,,,,,,,,,,,,,,,,,,,,,,,,,
Garhi,24-12-2015,29,,,,,,,,,,,,,,,,,,,,,,,,,,,,,,
Garhi,25-12-2015,30,,,,,,,,,,,,,,,,,,,,,,,,,,,,,,
Narayanganj,11-01-2016,295,,,,,,,,,,,,,,,,,,,,,,,,,,,,,,
Narayanganj,14-01-2016,75,,,,,,,,,,,,,,,,,,,,,,,,,,,,,,
Narayanganj,07-01-2016,292,,,,,,,,,,,,,,,,,,,,,,,,,,,,,,
Narayanganj,09-01-2016,193,,,,,,,,,,,,,,,,,,,,,,,,,,,,,,
Multai,14-01-2016,710,,,,,,,,,,,,,,,,,,,,,,,,,,,,,,
Multai,15-01-2016,980,,,,,,,,,,,,,,,,,,,,,,,,,,,,,,
Amla,15-01-2016,1050,,,,,,,,,,,,,,,,,,,,,,,,,,,,,,
Prabhat,15-01-2016,250,,,,,,,,,,,,,,,,,,,,,,,,,,,,,,
Bhimpur,15-01-2016,850,,,,,,,,,,,,,,,,,,,,,,,,,,,,,,
Bhainsdehi,15-01-2016,250,,,,,,,,,,,,,,,,,,,,,,,,,,,,,,
Pipalkhoont,18-01-2016,273,,,,,,,,,,,,,,,,,,,,,,,,,,,,,,
Boriguma,13-01-2016,408,,,,,,,,,,,,,,,,,,,,,,,,,,,,,,
Boriguma,14-01-2016,402,,,,,,,,,,,,,,,,,,,,,,,,,,,,,,
Peint,16-01-2016,237,,,,,,,,,,,,,,,,,,,,,,,,,,,,,,
Bhimpur,16-01-2016,610,,,,,,,,,,,,,,,,,,,,,,,,,,,,,,
Bhainsdehi,16-01-2016,230,,,,,,,,,,,,,,,,,,,,,,,,,,,,,,
Multai,16-01-2016,310,,,,,,,,,,,,,,,,,,,,,,,,,,,,,,
Amla,16-01-2016,220,,,,,,,,,,,,,,,,,,,,,,,,,,,,,,
Prabhat,16-01-2016,280,,,,,,,,,,,,,,,,,,,,,,,,,,,,,,
Bhainsdehi,05-01-2016,299,,,,,,,,,,,,,,,,,,,,,,,,,,,,,,
Jaisinghnagar,16-01-2016,90,,,,,,,,,,,,,,,,,,,,,,,,,,,,,,
Jaisinghnagar,15-01-2016,0,,,,,,,,,,,,,,,,,,,,,,,,,,,,,,
Tentulikhunti,13-01-2016,282,,,,,,,,,,,,,,,,,,,,,,,,,,,,,,
Dabugam,13-01-2016,154,,,,,,,,,,,,,,,,,,,,,,,,,,,,,,
Nandahandi,13-01-2016,115,,,,,,,,,,,,,,,,,,,,,,,,,,,,,,
Dabugam,14-01-2016,20,,,,,,,,,,,,,,,,,,,,,,,,,,,,,,
Nandahandi,14-01-2016,261,,,,,,,,,,,,,,,,,,,,,,,,,,,,,,
Tentulikhunti,14-01-2016,98,,,,,,,,,,,,,,,,,,,,,,,,,,,,,,
Nandahandi,16-01-2016,164,,,,,,,,,,,,,,,,,,,,,,,,,,,,,,
Tentulikhunti,16-01-2016,97,,,,,,,,,,,,,,,,,,,,,,,,,,,,,,
Nandahandi,18-12-2016,0,,,,,,,,,,,,,,,,,,,,,,,,,,,,,,
Nandahandi,21-12-2016,0,,,,,,,,,,,,,,,,,,,,,,,,,,,,,,
Tentulikhunti,21-12-2015,0,,,,,,,,,,,,,,,,,,,,,,,,,,,,,,
Peint,18-01-2016,344,,,,,,,,,,,,,,,,,,,,,,,,,,,,,,
Bhainsdehi,18-01-2016,100,,,,,,,,,,,,,,,,,,,,,,,,,,,,,,
Bhimpur,18-01-2016,300,,,,,,,,,,,,,,,,,,,,,,,,,,,,,,
Prabhat,18-01-2016,150,,,,,,,,,,,,,,,,,,,,,,,,,,,,,,
Amla,18-01-2016,110,,,,,,,,,,,,,,,,,,,,,,,,,,,,,,
Multai,18-01-2016,405,,,,,,,,,,,,,,,,,,,,,,,,,,,,,,
Ghatol,18-01-2016,576,,,,,,,,,,,,,,,,,,,,,,,,,,,,,,
Dabugam,18-01-2016,104,,,,,,,,,,,,,,,,,,,,,,,,,,,,,,
Nandahandi,18-01-2016,116,,,,,,,,,,,,,,,,,,,,,,,,,,,,,,
Tentulikhunti,18-01-2016,155,,,,,,,,,,,,,,,,,,,,,,,,,,,,,,
Jaisinghnagar,18-01-2016,345,,,,,,,,,,,,,,,,,,,,,,,,,,,,,,
Pipalkhoont,19-01-2016,362,,,,,,,,,,,,,,,,,,,,,,,,,,,,,,
Ghatol,19-01-2016,738,,,,,,,,,,,,,,,,,,,,,,,,,,,,,,
Multai,19-01-2016,410,,,,,,,,,,,,,,,,,,,,,,,,,,,,,,
Amla,19-01-2016,90,,,,,,,,,,,,,,,,,,,,,,,,,,,,,,
Prabhat,19-01-2016,300,,,,,,,,,,,,,,,,,,,,,,,,,,,,,,
Bhimpur,19-01-2016,450,,,,,,,,,,,,,,,,,,,,,,,,,,,,,,
Beohari,19-01-2016,145,,,,,,,,,,,,,,,,,,,,,,,,,,,,,,
Dabugam,19-01-2016,193,,,,,,,,,,,,,,,,,,,,,,,,,,,,,,
Nandahandi,19-01-2016,164,,,,,,,,,,,,,,,,,,,,,,,,,,,,,,
Tentulikhunti,19-01-2016,161,,,,,,,,,,,,,,,,,,,,,,,,,,,,,,
Jaisinghnagar,19-01-2016,339,,,,,,,,,,,,,,,,,,,,,,,,,,,,,,
Garhi,19-01-2016,300,,,,,,,,,,,,,,,,,,,,,,,,,,,,,,
Garhi,18-01-2016,78,,,,,,,,,,,,,,,,,,,,,,,,,,,,,,
Chotisarvan,20-01-2016,10,,,,,,,,,,,,,,,,,,,,,,,,,,,,,,
